PLAYER_ID,PLAYER_NAME,TEAM_ABBREVIATION,GP,MIN,TS_PCT,AST_PCT,USG_PCT,PIE,TM_TOV_PCT,DUNK_SCORE
1642951,Sean Pedulla,LAC,1,6.0,0.75,0.6,0.267,0.165,0.0,0.6984000000000001
1642886,Koby Brea,PHX,5,4.6,0.81,0.231,0.185,0.206,0.0,0.6363000000000001
1641732,Colby Jones,DET,1,6.8,0.333,0.333,0.158,0.256,0.0,0.5207
1631127,Harrison Ingram,SAS,5,3.5,0.9,0.067,0.104,0.11,0.0,0.5109
1641807,Norchad Omier,LAC,3,4.7,0.8,0.125,0.147,0.118,0.0,0.5049
1631210,Jacob Toppin,ATL,5,3.4,0.667,0.091,0.14,0.181,0.0,0.5031000000000001
203552,Seth Curry,GSW,4,12.8,0.737,0.175,0.14,0.126,0.0,0.5013000000000001
1631115,Orlando Robinson,ORL,4,6.2,0.7,0.158,0.081,0.074,0.0,0.41759999999999997
1641753,Chris Livingston,CLE,3,5.8,0.605,0.091,0.189,0.104,0.0,0.41109999999999997
1629312,Haywood Highsmith,PHX,4,13.2,0.643,0.152,0.095,0.089,0.0,0.41080000000000005
1641801,Emanuel Miller,SAS,5,6.6,0.54,0.211,0.169,0.093,0.0,0.4061
1641794,Dillon Jones,NYK,5,4.8,0.518,0.182,0.119,0.103,0.0,0.3886
1642911,Rocco Zikarsky,MIN,4,4.1,0.6,0.0,0.135,0.107,0.0,0.374
1630649,Stanley Umude,SAS,2,3.3,0.5,0.333,0.143,0.029,0.0,0.35750000000000004
1642403,Isaac Jones,DET,5,4.7,0.595,0.077,0.113,0.054,0.0,0.3377
1631223,David Roddy,DEN,2,6.1,0.258,0.4,0.129,0.088,0.0,0.33699999999999997
1642910,John Tonje,BOS,3,3.7,0.347,0.167,0.111,0.049,0.0,0.2601
1631205,Buddy Boeheim,OKC,4,3.8,0.5,0.0,0.158,0.028,0.0,0.25960000000000005
1629634,Brandon Clarke,MEM,2,10.2,0.372,0.071,0.193,0.023,0.0,0.2317
201959,Taj Gibson,MEM,1,11.6,0.3,0.0,0.152,-0.023,0.0,0.1274
1642402,Enrique Freeman,MIN,2,4.0,0.0,0.0,0.0,0.117,0.0,0.117
1641809,Drew Peterson,CHA,6,10.7,0.148,0.044,0.108,0.0,0.0,0.094
1642468,Darius Brown,CLE,1,2.7,0.0,0.0,0.167,0.0,0.0,0.033400000000000006
1641787,Tosan Evbuomwan,CHA,5,1.5,0.0,0.0,0.048,-0.043,0.0,-0.0334
1642855,Noa Essengue,CHI,2,3.0,0.0,0.0,0.188,-0.095,0.0,-0.0574
1631211,Trevor Keels,MIA,4,1.2,0.0,0.0,0.222,-0.2,0.0,-0.15560000000000002
1642917,Max Shulga,BOS,4,1.5,0.0,0.0,0.059,-0.194,0.0,-0.1822
201145,Jeff Green,HOU,25,5.3,0.543,0.047,0.171,0.078,1.7,-2.2064999999999997
1642404,Chaz Lanier,DET,24,7.9,0.484,0.096,0.146,0.057,2.4,-3.2913999999999994
1642959,Chris Youngblood,POR,32,5.4,0.505,0.092,0.163,0.058,2.6,-3.5798000000000005
1642359,Pacôme Dadiet,NYK,23,3.7,0.527,0.15,0.123,0.112,2.8,-3.8075999999999994
1642396,Blake Hinson,UTA,8,20.8,0.649,0.056,0.148,0.07,3.1,-4.274
1628449,Chris Boucher,BOS,9,10.5,0.392,0.042,0.128,0.04,3.2,-4.565
1643018,LJ Cryer,GSW,8,12.7,0.669,0.075,0.189,0.114,3.8,-5.258099999999999
1629599,Amir Coffey,PHX,41,10.4,0.593,0.072,0.11,0.068,3.8,-5.3511999999999995
1629726,Garrison Mathews,IND,15,13.1,0.628,0.069,0.134,0.072,4.1,-5.779299999999999
1629731,Dean Wade,CLE,52,22.4,0.579,0.084,0.097,0.075,4.2,-5.9488
1641810,Antonio Reeves,CHA,9,7.3,0.675,0.047,0.135,0.095,4.3,-6.043899999999999
1626166,Cameron Payne,PHI,13,17.1,0.52,0.248,0.184,0.104,4.4,-6.176800000000001
203501,Tim Hardaway Jr.,DEN,67,27.2,0.632,0.069,0.177,0.087,4.4,-6.2041
1641724,Jett Howard,ORL,44,12.4,0.552,0.102,0.168,0.072,4.5,-6.393
1631121,Bryce McGowens,NOP,42,21.0,0.61,0.091,0.136,0.067,4.7,-6.684500000000001
1631342,Daeqwon Plowden,SAC,19,23.9,0.543,0.061,0.137,0.056,4.7,-6.7311000000000005
1628369,Jayson Tatum,BOS,4,28.3,0.5,0.25,0.309,0.161,4.9,-6.852200000000001
1642877,Micah Peavy,NOP,51,13.8,0.439,0.091,0.142,0.043,4.8,-6.925699999999999
1630180,Saddiq Bey,NOP,61,30.8,0.575,0.119,0.209,0.113,4.9,-6.929500000000001
1630573,Sam Hauser,BOS,64,24.7,0.579,0.079,0.146,0.081,5.0,-7.1345
1631199,Ron Harper Jr.,BOS,21,11.4,0.54,0.086,0.14,0.068,5.2,-7.462200000000001
1629130,Duncan Robinson,DET,64,27.7,0.619,0.091,0.151,0.076,5.4,-7.718900000000001
204001,Kristaps Porziņģis,GSW,21,23.6,0.581,0.167,0.264,0.123,5.5,-7.7917
1630540,Miles McBride,NYK,35,28.0,0.592,0.135,0.17,0.086,5.5,-7.8527000000000005
1642938,Curtis Jones,DEN,6,5.1,0.321,0.158,0.211,0.021,5.6,-8.160999999999998
201942,DeMar DeRozan,SAC,67,31.8,0.595,0.185,0.218,0.11,5.8,-8.252899999999999
1630198,Isaiah Joe,OKC,59,21.9,0.643,0.093,0.176,0.096,5.8,-8.2837
1629013,Landry Shamet,NYK,43,23.1,0.617,0.089,0.154,0.074,5.8,-8.3217
1628374,Lauri Markkanen,UTA,42,34.3,0.608,0.101,0.269,0.139,5.9,-8.383700000000001
1631247,Luke Travers,CLE,12,8.6,0.35,0.123,0.161,0.071,5.8,-8.4199
1628969,Mikal Bridges,NYK,68,33.5,0.587,0.163,0.172,0.103,5.9,-8.428900000000002
1626145,Tyus Jones,DEN,60,15.3,0.441,0.225,0.101,0.063,5.9,-8.522900000000002
1630322,Lindy Waters III,SAS,34,6.5,0.534,0.085,0.132,0.053,5.9,-8.531500000000001
1630170,Devin Vassell,SAS,54,30.7,0.571,0.105,0.179,0.085,6.0,-8.619299999999999
1629060,Rui Hachimura,LAL,55,29.2,0.616,0.042,0.146,0.071,6.0,-8.6408
203932,Aaron Gordon,DEN,27,27.8,0.621,0.128,0.224,0.131,6.1,-8.687399999999998
1629018,Gary Trent Jr.,MIL,56,21.0,0.525,0.082,0.156,0.045,6.0,-8.6892
1628436,Luke Kornet,SAS,57,21.2,0.696,0.113,0.101,0.111,6.1,-8.706499999999998
1628420,Monte Morris,IND,6,10.8,0.414,0.29,0.141,0.076,6.1,-8.793199999999999
1630202,Payton Pritchard,BOS,65,32.6,0.571,0.237,0.207,0.119,6.2,-8.840100000000001
1629216,Gabe Vincent,ATL,39,17.7,0.511,0.101,0.114,0.03,6.1,-8.862499999999999
1641772,Nae'Qwan Tomlin,CLE,52,15.9,0.533,0.07,0.155,0.067,6.2,-8.9678
1641816,Hunter Tyson,DEN,21,7.7,0.398,0.17,0.166,0.065,6.3,-9.141599999999999
1628983,Shai Gilgeous-Alexander,OKC,56,33.6,0.665,0.335,0.322,0.21,6.6,-9.259099999999998
1641725,Trey Alexander,NOP,5,8.3,0.778,0.152,0.104,0.095,6.7,-9.5774
1641763,Julian Phillips,MIN,42,8.7,0.55,0.03,0.125,0.054,6.6,-9.591999999999999
1630241,Sam Merrill,CLE,42,25.9,0.663,0.118,0.165,0.081,6.8,-9.7854
1628418,Thomas Bryant,CLE,49,11.3,0.615,0.076,0.182,0.118,6.9,-9.926800000000002
1642066,Myron Gardner,MIA,36,9.6,0.611,0.138,0.134,0.103,6.9,-9.934400000000002
1630249,Vít Krejčí,POR,63,21.8,0.609,0.1,0.141,0.068,6.9,-9.980200000000002
1629661,Cameron Johnson,DEN,42,30.6,0.604,0.094,0.142,0.068,6.9,-9.983800000000002
1630193,Immanuel Quickley,TOR,63,32.6,0.585,0.262,0.209,0.12,7.0,-10.0256
202699,Tobias Harris,DET,49,28.2,0.559,0.105,0.179,0.105,7.0,-10.1041
1631099,Keegan Murray,SAC,23,34.5,0.499,0.07,0.182,0.078,7.0,-10.165
1627746,Skal Labissiere,WAS,3,12.5,0.65,0.115,0.117,0.124,7.1,-10.208099999999998
1629640,Keldon Johnson,SAS,67,23.3,0.625,0.083,0.194,0.12,7.1,-10.216299999999999
202710,Jimmy Butler III,GSW,38,31.1,0.646,0.24,0.226,0.155,7.2,-10.269400000000001
1642266,Ja'Kobe Walter,TOR,56,19.0,0.565,0.08,0.136,0.061,7.1,-10.311799999999998
1630572,Sandro Mamukelashvili,TOR,64,22.0,0.627,0.124,0.176,0.118,7.2,-10.3588
1642443,Jahmir Young,MIA,10,4.7,0.416,0.154,0.175,0.031,7.1,-10.371399999999998
1630178,Tyrese Maxey,PHI,61,38.3,0.589,0.293,0.289,0.153,7.3,-10.4157
1630173,Precious Achiuwa,SAC,60,22.6,0.567,0.08,0.159,0.101,7.2,-10.416400000000001
202691,Klay Thompson,DAL,59,21.9,0.537,0.094,0.213,0.078,7.2,-10.4364
1630532,Franz Wagner,ORL,28,31.8,0.591,0.179,0.251,0.136,7.3,-10.4737
1630171,Isaac Okoro,CHI,55,26.9,0.565,0.078,0.136,0.047,7.2,-10.4764
202696,Nikola Vučević,BOS,60,29.0,0.577,0.174,0.214,0.128,7.3,-10.4962
1628401,Derrick White,BOS,64,34.4,0.529,0.234,0.225,0.116,7.3,-10.5072
1626171,Bobby Portis,MIL,63,24.1,0.593,0.1,0.221,0.121,7.3,-10.5176
1628970,Miles Bridges,CHA,63,31.8,0.561,0.16,0.227,0.111,7.3,-10.521199999999999
202695,Kawhi Leonard,LAC,53,32.3,0.627,0.199,0.329,0.186,7.4,-10.537700000000001
1631131,Oscar Tshiebwe,UTA,12,12.7,0.623,0.089,0.121,0.1,7.3,-10.5499
1642955,Kadary Richmond,WAS,3,22.3,0.722,0.138,0.114,0.129,7.4,-10.618000000000002
1641740,Jaylen Clark,MIN,59,12.5,0.528,0.058,0.123,0.051,7.3,-10.6458
1629021,Moritz Wagner,ORL,26,13.0,0.573,0.101,0.239,0.115,7.4,-10.677700000000002
1642382,Branden Carlson,OKC,35,10.8,0.601,0.08,0.176,0.1,7.4,-10.700400000000002
1628973,Jalen Brunson,NYK,63,34.8,0.581,0.297,0.296,0.135,7.5,-10.7343
1642918,Alijah Martin,TOR,16,6.4,0.487,0.129,0.183,0.081,7.4,-10.7489
1630165,Killian Hayes,SAC,10,15.3,0.348,0.258,0.169,0.048,7.4,-10.8016
1630551,Justin Champagnie,WAS,59,19.3,0.596,0.083,0.156,0.108,7.5,-10.8475
1631120,JD Davison,HOU,25,7.3,0.474,0.214,0.149,0.075,7.5,-10.8914
1641871,Duop Reath,POR,32,8.1,0.613,0.059,0.13,0.067,7.5,-10.8941
1641778,Leaky Black,WAS,5,31.9,0.6,0.059,0.117,0.063,7.5,-10.9059
1641767,Ben Sheppard,IND,56,21.6,0.544,0.117,0.131,0.064,7.5,-10.9071
1630200,Tre Jones,CHI,50,27.0,0.631,0.286,0.173,0.119,7.6,-10.908199999999999
1642502,Malevy Leons,GSW,13,7.8,0.508,0.09,0.13,0.066,7.5,-10.9278
1631123,Jamaree Bouyea,PHX,34,15.2,0.547,0.177,0.175,0.106,7.6,-10.987099999999998
1642434,Riley Minix,CLE,5,3.8,0.722,0.176,0.189,0.18,7.7,-10.9906
1630541,Moses Moody,GSW,59,25.5,0.603,0.092,0.172,0.083,7.6,-11.013799999999998
201144,Mike Conley,MIN,46,18.1,0.494,0.204,0.111,0.059,7.6,-11.059999999999999
1629637,Jaxson Hayes,LAL,55,17.7,0.757,0.074,0.118,0.105,7.7,-11.096400000000001
1628389,Bam Adebayo,MIA,60,31.8,0.551,0.131,0.25,0.137,7.7,-11.1033
1629014,Anfernee Simons,CHI,55,24.9,0.576,0.151,0.227,0.096,7.7,-11.132900000000001
1629111,Jock Landale,ATL,60,22.3,0.594,0.104,0.18,0.099,7.7,-11.1462
1628989,Kevin Huerter,DET,55,22.1,0.548,0.154,0.183,0.089,7.7,-11.159
1627750,Jamal Murray,DEN,63,35.0,0.613,0.308,0.276,0.144,7.8,-11.1632
1630577,Julian Champagnie,SAS,67,27.8,0.61,0.069,0.145,0.093,7.7,-11.163300000000001
1627884,Derrick Jones Jr.,LAC,35,27.2,0.624,0.064,0.15,0.076,7.7,-11.1752
203084,Harrison Barnes,SAS,62,26.8,0.595,0.099,0.146,0.073,7.7,-11.180100000000001
1642377,Jaylen Wells,MEM,64,26.7,0.559,0.088,0.19,0.07,7.7,-11.192
1630639,A.J. Lawson,TOR,14,7.9,0.545,0.045,0.185,0.079,7.7,-11.2025
1631165,Keon Ellis,CLE,58,19.3,0.575,0.063,0.128,0.06,7.7,-11.2155
200768,Kyle Lowry,PHI,9,8.4,0.478,0.158,0.09,0.049,7.7,-11.2444
1629646,Charles Bassey,PHI,3,11.7,0.436,0.087,0.118,0.074,7.7,-11.251900000000001
1629652,Luguentz Dort,OKC,57,28.0,0.511,0.059,0.139,0.046,7.7,-11.254100000000001
1629628,RJ Barrett,TOR,42,30.0,0.582,0.162,0.249,0.114,7.8,-11.2548
1630557,Corey Kispert,ATL,46,19.9,0.612,0.121,0.173,0.089,7.8,-11.2953
1642364,Jamir Watkins,WAS,34,18.8,0.548,0.072,0.135,0.062,7.8,-11.370199999999999
1642868,Carter Bryant,SAS,56,10.2,0.498,0.061,0.168,0.067,7.8,-11.3819
1630530,Trey Murphy III,NOP,59,35.4,0.617,0.163,0.225,0.125,7.9,-11.384300000000001
1630583,Santi Aldama,MEM,43,27.9,0.572,0.153,0.191,0.115,7.9,-11.422100000000002
1641723,Kobe Bufkin,LAL,11,8.2,0.397,0.082,0.215,0.032,7.8,-11.4416
1628415,Dillon Brooks,PHX,50,30.6,0.547,0.095,0.282,0.092,7.9,-11.454300000000002
1631323,Simone Fontecchio,MIA,60,16.9,0.56,0.122,0.186,0.09,7.9,-11.462200000000001
1631095,Jabari Smith Jr.,HOU,62,34.8,0.572,0.073,0.174,0.094,7.9,-11.470500000000001
1627783,Pascal Siakam,IND,55,33.5,0.563,0.193,0.287,0.131,8.0,-11.5285
1627752,Taurean Prince,MIL,11,19.4,0.578,0.05,0.106,0.039,7.9,-11.543600000000001
1628960,Grayson Allen,PHX,43,30.0,0.571,0.213,0.231,0.106,8.0,-11.5555
1630167,Obi Toppin,IND,10,16.4,0.521,0.144,0.217,0.109,8.0,-11.596
1641783,Tristan da Silva,ORL,61,24.2,0.572,0.087,0.158,0.088,8.0,-11.6255
1628975,Jevon Carter,ORL,37,14.9,0.535,0.151,0.172,0.072,8.0,-11.6343
1641711,Gradey Dick,TOR,63,15.1,0.543,0.059,0.17,0.07,8.0,-11.6611
1642461,Spencer Jones,DEN,56,22.8,0.621,0.047,0.1,0.046,8.0,-11.6715
1629004,Svi Mykhailiuk,UTA,48,23.4,0.623,0.108,0.139,0.072,8.1,-11.7686
1631260,AJ Green,MIL,62,29.1,0.613,0.085,0.128,0.052,8.1,-11.801699999999999
1642258,Zaccharie Risacher,ATL,53,24.1,0.538,0.07,0.171,0.066,8.1,-11.8136
1629639,Tyler Herro,MIA,21,30.6,0.61,0.192,0.256,0.132,8.2,-11.815199999999999
1630245,Ayo Dosunmu,MIN,59,26.3,0.634,0.199,0.194,0.108,8.2,-11.839899999999998
203468,CJ McCollum,ATL,62,29.8,0.565,0.184,0.247,0.104,8.2,-11.8654
1642276,Kel'el Ware,MIA,63,22.7,0.614,0.035,0.174,0.138,8.2,-11.871099999999998
204456,T.J. McConnell,IND,48,16.9,0.558,0.454,0.234,0.15,8.3,-11.8938
1630692,Jordan Goodwin,PHX,57,22.0,0.521,0.139,0.173,0.098,8.2,-11.9173
1631114,Jalen Williams,OKC,26,29.1,0.555,0.271,0.254,0.134,8.3,-11.961900000000002
1629660,Ty Jerome,MEM,12,22.1,0.628,0.399,0.34,0.164,8.4,-11.997100000000001
202331,Paul George,PHI,27,30.5,0.556,0.178,0.218,0.111,8.3,-12.0196
1626192,Pat Connaughton,CHA,32,7.7,0.591,0.124,0.154,0.118,8.3,-12.027600000000001
1631124,Julian Strawther,DEN,44,15.3,0.584,0.098,0.185,0.08,8.3,-12.07
1631111,Wendell Moore Jr.,DET,5,10.9,0.635,0.055,0.072,0.072,8.3,-12.093100000000002
1630174,Aaron Nesmith,IND,38,29.7,0.522,0.1,0.188,0.066,8.3,-12.107600000000001
1631243,Mouhamed Gueye,ATL,64,15.4,0.535,0.074,0.126,0.074,8.3,-12.114600000000001
1630643,Jay Huff,IND,67,20.7,0.59,0.098,0.177,0.093,8.4,-12.2062
1631172,Ousmane Dieng,MIL,42,15.0,0.536,0.144,0.161,0.074,8.4,-12.236200000000002
1641715,Cam Whitmore,WAS,21,16.9,0.528,0.067,0.225,0.082,8.4,-12.241700000000002
1628379,Luke Kennard,LAL,63,21.0,0.711,0.13,0.129,0.09,8.5,-12.3108
1629618,Jalen Pickett,DEN,43,16.9,0.541,0.21,0.143,0.085,8.5,-12.357
1642285,Cam Spencer,MEM,63,24.0,0.653,0.323,0.168,0.122,8.6,-12.386299999999999
1641717,Cason Wallace,OKC,65,27.3,0.526,0.132,0.142,0.075,8.5,-12.3966
201143,Al Horford,GSW,43,21.7,0.554,0.17,0.162,0.104,8.6,-12.490999999999998
1631128,Christian Braun,DEN,32,31.9,0.577,0.116,0.139,0.07,8.6,-12.536599999999998
1642348,Justin Edwards,PHI,50,14.9,0.562,0.121,0.142,0.062,8.6,-12.548499999999999
201572,Brook Lopez,LAC,60,20.3,0.545,0.083,0.17,0.072,8.6,-12.551099999999998
1642853,Rasheer Fleming,PHX,41,10.0,0.52,0.034,0.154,0.063,8.6,-12.588
1642259,Alex Sarr,WAS,45,27.5,0.554,0.154,0.251,0.126,8.7,-12.605999999999998
1630188,Jalen Smith,CHI,49,20.8,0.599,0.084,0.185,0.11,8.7,-12.6382
1642862,Liam McNeeley,CHA,28,12.2,0.566,0.096,0.139,0.066,8.7,-12.700999999999999
1630217,Desmond Bane,ORL,66,34.3,0.609,0.192,0.226,0.113,8.8,-12.7406
203952,Andrew Wiggins,MIA,57,31.0,0.579,0.126,0.197,0.096,8.8,-12.795200000000001
1631126,Caleb Love,POR,45,22.2,0.5,0.187,0.228,0.081,8.8,-12.817300000000001
1626167,Myles Turner,MIL,62,27.4,0.584,0.082,0.182,0.088,8.8,-12.817400000000001
1629750,Javonte Green,DET,66,18.2,0.59,0.05,0.144,0.089,8.8,-12.8312
203076,Anthony Davis,WAS,20,31.3,0.551,0.14,0.272,0.151,8.9,-12.882200000000001
1630534,Ochai Agbaji,BKN,53,15.4,0.53,0.072,0.135,0.055,8.8,-12.884400000000001
1630538,Bones Hyland,MIN,59,14.8,0.597,0.232,0.188,0.095,8.9,-12.909
1630811,Keaton Wallace,ATL,46,10.3,0.532,0.265,0.156,0.082,8.9,-12.944500000000001
1642349,Ajay Mitchell,OKC,46,26.4,0.589,0.194,0.214,0.121,9.0,-13.0424
1629651,Nic Claxton,BKN,60,28.7,0.596,0.219,0.172,0.117,9.0,-13.0445
1626181,Norman Powell,MIA,50,30.0,0.613,0.126,0.263,0.117,9.0,-13.0474
1642843,Cooper Flagg,DAL,55,33.6,0.546,0.197,0.252,0.122,9.0,-13.0501
1642270,Donovan Clingan,POR,62,27.4,0.605,0.112,0.158,0.137,9.0,-13.0558
1641780,Johni Broome,PHI,11,5.0,0.188,0.118,0.226,-0.02,8.8,-13.064200000000001
1641796,Pelle Larsson,MIA,57,25.5,0.602,0.169,0.158,0.088,9.0,-13.0889
1628978,Donte DiVincenzo,MIN,68,30.9,0.584,0.171,0.162,0.09,9.0,-13.0927
1642366,Quinten Post,GSW,63,17.2,0.555,0.114,0.183,0.089,9.0,-13.1182
1642272,Jared McCain,OKC,53,17.3,0.549,0.116,0.193,0.078,9.0,-13.129
1642846,Ace Bailey,UTA,59,26.7,0.533,0.094,0.196,0.065,9.0,-13.1544
1631133,Jabari Walker,PHI,56,12.5,0.565,0.056,0.142,0.074,9.0,-13.1548
1628988,Aaron Holiday,HOU,43,13.0,0.546,0.103,0.173,0.058,9.0,-13.1581
1626172,Kevon Looney,NOP,18,13.9,0.468,0.141,0.103,0.09,9.0,-13.1599
1629048,Goga Bitadze,ORL,48,15.2,0.707,0.11,0.122,0.125,9.1,-13.1848
1630526,Jeremiah Robinson-Earl,DAL,22,16.4,0.468,0.057,0.129,0.069,9.0,-13.2009
1630679,Ethan Thompson,IND,24,17.4,0.482,0.12,0.144,0.041,9.0,-13.2014
1631166,Drew Timme,LAL,21,8.5,0.666,0.124,0.145,0.093,9.1,-13.2244
1626162,Kelly Oubre Jr.,PHI,41,32.4,0.581,0.076,0.181,0.082,9.1,-13.276599999999998
1628368,De'Aaron Fox,SAS,58,31.6,0.584,0.293,0.242,0.118,9.2,-13.3121
1642261,Dalton Knecht,LAL,48,10.6,0.55,0.048,0.167,0.065,9.1,-13.317199999999998
1628386,Jarrett Allen,CLE,51,27.5,0.67,0.097,0.192,0.142,9.2,-13.322499999999998
1630592,Jalen Wilson,BKN,44,14.1,0.539,0.074,0.162,0.054,9.1,-13.3258
1630596,Evan Mobley,CLE,52,32.3,0.587,0.167,0.219,0.131,9.2,-13.3403
1630230,Naji Marshall,DAL,64,29.4,0.606,0.152,0.192,0.107,9.2,-13.366599999999998
1641764,Brandin Podziemski,GSW,66,28.0,0.566,0.2,0.189,0.109,9.2,-13.3668
1642263,Reed Sheppard,HOU,66,25.9,0.559,0.179,0.212,0.101,9.2,-13.379299999999999
1629008,Michael Porter Jr.,BKN,52,32.5,0.595,0.165,0.292,0.141,9.3,-13.4631
1642844,Dylan Harper,SAS,55,22.2,0.552,0.247,0.213,0.11,9.3,-13.502500000000001
1630568,Luka Garza,BOS,57,15.7,0.679,0.087,0.16,0.096,9.3,-13.5243
1628370,Malik Monk,SAC,53,22.0,0.566,0.187,0.235,0.093,9.3,-13.527500000000002
1641729,Brice Sensabaugh,UTA,64,22.4,0.58,0.112,0.232,0.086,9.3,-13.552000000000001
1628378,Donovan Mitchell,CLE,59,33.4,0.613,0.276,0.315,0.157,9.4,-13.552000000000001
1631108,Max Christie,DAL,62,29.5,0.601,0.1,0.166,0.081,9.3,-13.5654
1630162,Anthony Edwards,MIN,58,35.5,0.621,0.173,0.309,0.148,9.4,-13.589900000000002
1629627,Zion Williamson,NOP,51,29.7,0.633,0.182,0.257,0.142,9.4,-13.5988
1630256,Jae'Sean Tate,HOU,34,8.4,0.567,0.094,0.131,0.063,9.3,-13.6058
1631096,Chet Holmgren,OKC,58,29.4,0.648,0.084,0.214,0.153,9.4,-13.619800000000001
1630623,Tyson Etienne,BKN,12,8.1,0.49,0.15,0.195,0.022,9.3,-13.648000000000001
1641747,DaRon Holmes II,DEN,19,10.2,0.682,0.132,0.162,0.09,9.4,-13.665200000000002
1629638,Nickeil Alexander-Walker,ATL,64,33.2,0.587,0.157,0.232,0.097,9.4,-13.674700000000001
1630696,Dru Smith,MIA,64,17.1,0.535,0.21,0.143,0.093,9.4,-13.701400000000001
1642845,VJ Edgecombe,PHI,60,35.0,0.532,0.161,0.193,0.086,9.4,-13.714300000000001
1630548,Johnny Juzang,MIN,21,4.2,0.518,0.095,0.2,0.085,9.4,-13.739300000000002
1631230,Dominick Barlow,PHI,56,24.4,0.595,0.064,0.13,0.077,9.4,-13.7398
1642353,Cam Christie,LAC,44,9.3,0.491,0.096,0.167,0.07,9.4,-13.771400000000002
1631221,Collin Gillespie,PHX,66,28.9,0.591,0.237,0.183,0.114,9.5,-13.7919
1626204,Larry Nance Jr.,CLE,29,12.2,0.479,0.105,0.131,0.054,9.4,-13.796700000000001
1641815,Isaiah Stevens,SAC,3,14.3,0.571,0.357,0.107,0.093,9.5,-13.8001
1630558,Davion Mitchell,MIA,57,28.2,0.579,0.292,0.134,0.085,9.5,-13.819
201567,Kevin Love,UTA,36,16.6,0.575,0.147,0.161,0.105,9.5,-13.8387
1628976,Wendell Carter Jr.,ORL,63,29.7,0.611,0.1,0.153,0.097,9.5,-13.848
1631248,Baylor Scheierman,BOS,62,17.2,0.6,0.102,0.114,0.083,9.5,-13.8736
1642859,Jase Richardson,ORL,44,11.5,0.563,0.147,0.163,0.068,9.5,-13.8801
1630533,Ziaire Williams,BKN,47,22.9,0.582,0.069,0.169,0.074,9.5,-13.8887
203903,Jordan Clarkson,NYK,58,17.9,0.546,0.106,0.208,0.063,9.5,-13.895199999999999
1642384,Isaiah Crawford,HOU,11,6.1,0.508,0.078,0.107,0.074,9.5,-13.928
1629006,Josh Okogie,HOU,63,18.7,0.556,0.059,0.114,0.056,9.5,-13.9311
1642400,Tristan Enaruna,CLE,6,5.7,0.395,0.125,0.217,0.08,9.5,-13.9311
1642914,Javon Small,MEM,32,19.0,0.596,0.277,0.179,0.111,9.6,-13.9317
203897,Zach LaVine,SAC,39,31.4,0.614,0.111,0.234,0.096,9.6,-13.978299999999999
1630700,Dyson Daniels,ATL,63,33.3,0.527,0.239,0.156,0.101,9.6,-13.985299999999999
1642866,Joan Beringer,MIN,31,6.7,0.674,0.051,0.14,0.091,9.6,-13.996099999999998
1627936,Alex Caruso,OKC,45,18.6,0.543,0.141,0.158,0.095,9.6,-14.013899999999998
1627742,Brandon Ingram,TOR,64,34.1,0.566,0.175,0.267,0.121,9.7,-14.096699999999998
1630560,Cam Thomas,MIL,40,21.1,0.53,0.206,0.293,0.089,9.7,-14.128599999999999
1630631,Jose Alvarado,NYK,57,20.4,0.539,0.229,0.159,0.085,9.7,-14.1489
1642885,Mohamed Diawara,NYK,57,8.6,0.562,0.103,0.172,0.077,9.7,-14.182899999999998
1627824,Guerschon Yabusele,CHI,56,13.3,0.534,0.092,0.154,0.077,9.7,-14.200999999999999
1642939,Miles Kelly,DAL,14,9.6,0.484,0.133,0.144,0.064,9.7,-14.2237
1630695,Micah Potter,IND,34,19.0,0.664,0.111,0.167,0.11,9.8,-14.257700000000002
1631204,Marcus Sasser,DET,25,12.0,0.592,0.204,0.187,0.099,9.8,-14.265600000000001
1630644,Mac McClung,CHI,4,11.8,0.43,0.065,0.227,0.04,9.7,-14.2731
1641722,Jordan Hawkins,NOP,42,12.3,0.42,0.074,0.167,0.038,9.7,-14.2884
201939,Stephen Curry,GSW,39,31.3,0.636,0.247,0.311,0.145,9.9,-14.314300000000001
1631105,Jalen Duren,DET,56,27.6,0.671,0.093,0.229,0.175,9.9,-14.332900000000002
1631222,Jake LaRavia,LAL,67,25.2,0.57,0.099,0.143,0.069,9.8,-14.344700000000001
1629614,Andrew Nembhard,IND,52,31.2,0.56,0.36,0.237,0.11,9.9,-14.360600000000002
1631109,Mark Williams,PHX,56,23.6,0.67,0.065,0.167,0.14,9.9,-14.389100000000001
1630168,Onyeka Okongwu,ATL,61,31.3,0.597,0.147,0.194,0.107,9.9,-14.421300000000002
1631245,Quenton Jackson,IND,35,17.4,0.593,0.195,0.193,0.094,9.9,-14.421700000000001
1629026,Kenrich Williams,OKC,45,15.8,0.596,0.126,0.169,0.099,9.9,-14.441
1642878,Tyrese Proctor,CLE,42,10.4,0.53,0.185,0.205,0.073,9.9,-14.4685
1630163,LaMelo Ball,CHA,58,27.6,0.534,0.387,0.306,0.129,10.0,-14.4801
1631213,Tyrese Martin,PHI,43,17.8,0.501,0.165,0.18,0.077,9.9,-14.487100000000002
1642357,David Jones Garcia,SAS,11,6.2,0.579,0.316,0.18,0.133,10.0,-14.5046
1642262,Cody Williams,UTA,53,21.8,0.524,0.083,0.133,0.048,9.9,-14.5409
1629027,Trae Young,WAS,14,25.9,0.598,0.444,0.261,0.125,10.1,-14.600399999999999
1629684,Grant Williams,CHA,24,19.6,0.599,0.126,0.14,0.093,10.0,-14.6016
1641731,Bilal Coulibaly,WAS,46,26.5,0.52,0.135,0.183,0.075,10.0,-14.6399
1642851,Kon Knueppel,CHA,67,31.9,0.652,0.16,0.216,0.119,10.1,-14.678999999999998
1630529,Herbert Jones,NOP,45,29.0,0.486,0.127,0.151,0.054,10.0,-14.6833
1641705,Victor Wembanyama,SAS,52,29.3,0.625,0.161,0.312,0.2,10.2,-14.739299999999998
1642875,Maxime Raynaud,SAC,60,25.1,0.607,0.071,0.171,0.104,10.1,-14.747699999999998
203484,Kentavious Caldwell-Pope,MEM,51,21.3,0.533,0.181,0.173,0.083,10.1,-14.764899999999999
1629029,Luka Dončić,LAL,55,35.7,0.613,0.397,0.364,0.188,10.3,-14.824900000000001
1630699,MarJon Beauchamp,PHI,5,17.0,0.64,0.143,0.202,0.131,10.2,-14.829699999999999
1641757,Jordan Miller,LAC,46,21.2,0.621,0.149,0.179,0.101,10.2,-14.870099999999999
1629675,Naz Reid,MIN,67,26.1,0.581,0.13,0.209,0.116,10.2,-14.8708
1631217,Moussa Diabaté,CHA,60,25.8,0.646,0.096,0.115,0.109,10.2,-14.880799999999999
1642874,Danny Wolf,BKN,53,20.8,0.526,0.177,0.199,0.097,10.2,-14.8997
1631218,Trayce Jackson-Davis,TOR,44,10.2,0.581,0.123,0.14,0.103,10.2,-14.8997
1629673,Jordan Poole,NOP,33,24.5,0.538,0.185,0.236,0.077,10.2,-14.9051
1629001,De'Anthony Melton,GSW,36,22.6,0.526,0.149,0.253,0.089,10.2,-14.905299999999999
203954,Joel Embiid,PHI,33,31.2,0.606,0.212,0.338,0.164,10.3,-14.912400000000002
1627741,Buddy Hield,ATL,45,17.2,0.56,0.129,0.188,0.082,10.2,-14.917699999999998
1629611,Terance Mann,BKN,57,24.5,0.569,0.188,0.134,0.068,10.2,-14.921199999999999
1641775,Jordan Walsh,BOS,58,17.2,0.636,0.057,0.116,0.082,10.2,-14.9233
1642954,Will Richard,GSW,56,19.7,0.599,0.102,0.133,0.07,10.2,-14.9332
1631466,Nate Williams,GSW,6,14.5,0.593,0.1,0.2,0.059,10.2,-14.9338
203944,Julius Randle,MIN,68,33.1,0.588,0.229,0.256,0.129,10.3,-14.965900000000001
1628371,Jonathan Isaac,ORL,52,10.0,0.498,0.062,0.119,0.078,10.2,-14.9804
1628380,Zach Collins,CHI,10,18.4,0.666,0.114,0.177,0.123,10.3,-14.991000000000001
1631170,Jaime Jaquez Jr.,MIA,63,28.7,0.56,0.238,0.213,0.112,10.3,-15.000000000000002
1631103,Malaki Branham,WAS,28,9.8,0.604,0.131,0.177,0.099,10.3,-15.0347
1642281,Jaylon Tyson,CLE,62,27.3,0.617,0.111,0.183,0.091,10.3,-15.042300000000001
1642347,Jamal Shead,TOR,66,22.0,0.491,0.306,0.155,0.079,10.3,-15.051800000000002
1629631,De'Andre Hunter,SAC,45,26.1,0.545,0.11,0.218,0.077,10.3,-15.0784
1642848,Tre Johnson,WAS,53,24.1,0.546,0.122,0.217,0.072,10.3,-15.079600000000001
1641733,Nick Smith Jr.,LAL,25,12.7,0.53,0.134,0.204,0.061,10.3,-15.096000000000002
1642346,Ryan Dunn,PHX,59,19.4,0.514,0.1,0.137,0.071,10.3,-15.116000000000001
1631255,Karlo Matković,NOP,54,14.1,0.727,0.089,0.123,0.111,10.4,-15.146900000000002
1628963,Marvin Bagley III,DAL,49,20.1,0.647,0.105,0.178,0.121,10.4,-15.153100000000002
1642964,Brooks Barnhizer,OKC,33,7.8,0.446,0.105,0.1,0.061,10.3,-15.1591
1630598,Aaron Wiggins,OKC,53,23.0,0.538,0.112,0.195,0.083,10.4,-15.2292
1626164,Devin Booker,PHX,51,33.4,0.58,0.29,0.304,0.139,10.5,-15.2312
1628396,Tony Bradley,IND,38,11.0,0.604,0.076,0.136,0.077,10.4,-15.2314
203471,Dennis Schröder,CLE,56,25.5,0.523,0.293,0.217,0.096,10.5,-15.3135
1630224,Jalen Green,PHX,19,24.6,0.508,0.18,0.326,0.11,10.5,-15.3176
1642530,Yuki Kawamura,CHI,9,11.3,0.508,0.341,0.111,0.101,10.5,-15.3213
1630595,Cade Cunningham,DET,59,34.8,0.565,0.429,0.297,0.16,10.6,-15.325899999999999
1641709,Ausar Thompson,DET,57,25.6,0.545,0.151,0.172,0.103,10.5,-15.3493
203999,Nikola Jokić,DEN,52,34.8,0.679,0.46,0.295,0.22,10.7,-15.361399999999998
1642860,Will Riley,WAS,58,19.2,0.541,0.126,0.186,0.077,10.5,-15.3816
1630702,Jaden Hardy,WAS,45,14.2,0.556,0.088,0.24,0.07,10.5,-15.3832
1628991,Jaren Jackson Jr.,UTA,48,30.3,0.576,0.105,0.253,0.107,10.6,-15.4805
1628398,Kyle Kuzma,MIL,61,26.5,0.582,0.144,0.212,0.096,10.6,-15.485599999999998
1641765,Olivier-Maxence Prosper,MEM,42,17.3,0.648,0.082,0.171,0.096,10.6,-15.485999999999999
1641710,Anthony Black,ORL,60,30.7,0.552,0.185,0.218,0.091,10.6,-15.489099999999999
1642269,Devin Carter,SAC,27,14.3,0.491,0.219,0.223,0.096,10.6,-15.4973
1631093,Jaden Ivey,CHI,37,18.1,0.571,0.145,0.192,0.091,10.6,-15.4987
1642854,Asa Newell,ATL,40,11.1,0.628,0.063,0.159,0.071,10.6,-15.527099999999999
1631207,Dalen Terry,PHI,42,11.7,0.525,0.165,0.136,0.077,10.6,-15.536299999999999
1631102,TyTy Washington Jr.,LAC,9,5.8,0.679,0.344,0.15,0.099,10.7,-15.546199999999997
1631094,Paolo Banchero,ORL,56,35.0,0.569,0.227,0.273,0.141,10.7,-15.558699999999996
1641989,Elijah Harkless,UTA,18,15.8,0.471,0.167,0.157,0.045,10.6,-15.585099999999999
203926,Doug McDermott,SAC,16,10.4,0.556,0.036,0.154,0.044,10.6,-15.591999999999999
1629674,Neemias Queta,BOS,63,25.0,0.659,0.081,0.149,0.128,10.7,-15.604299999999997
201569,Eric Gordon,PHI,6,12.3,0.754,0.063,0.137,0.083,10.7,-15.619099999999998
203924,Jerami Grant,POR,51,29.7,0.608,0.112,0.23,0.095,10.7,-15.632199999999997
1628381,John Collins,LAC,55,27.6,0.653,0.053,0.184,0.098,10.7,-15.638099999999998
1630552,Jalen Johnson,ATL,60,35.2,0.585,0.334,0.265,0.163,10.8,-15.649800000000003
1627759,Jaylen Brown,BOS,60,34.0,0.57,0.257,0.351,0.153,10.8,-15.671700000000003
1641718,Keyonte George,UTA,54,33.1,0.609,0.286,0.275,0.122,10.8,-15.693600000000004
1628971,Bruce Brown,DEN,68,24.8,0.547,0.12,0.137,0.065,10.7,-15.702799999999996
1629723,John Konchar,UTA,43,17.4,0.529,0.115,0.08,0.08,10.7,-15.707899999999997
1629028,Deandre Ayton,LAL,58,27.4,0.673,0.047,0.165,0.117,10.8,-15.766700000000004
1628384,OG Anunoby,NYK,54,33.2,0.609,0.094,0.197,0.099,10.8,-15.789800000000003
1631212,Peyton Watson,DEN,49,30.7,0.6,0.088,0.2,0.087,10.8,-15.806600000000003
1641730,Noah Clowney,BKN,61,27.7,0.559,0.096,0.2,0.071,10.8,-15.836600000000002
1641707,Taylor Hendricks,MEM,48,17.9,0.575,0.075,0.15,0.076,10.8,-15.841500000000003
1631214,Alondes Williams,WAS,4,25.2,0.745,0.14,0.141,0.133,10.9,-15.8488
1631288,Jamal Cain,ORL,24,7.2,0.57,0.069,0.175,0.053,10.8,-15.863300000000002
1642883,Sion James,CHA,68,23.1,0.54,0.116,0.105,0.059,10.8,-15.869200000000003
1630567,Scottie Barnes,TOR,64,34.3,0.573,0.228,0.229,0.135,10.9,-15.8716
1641708,Amen Thompson,HOU,64,37.0,0.581,0.205,0.196,0.125,10.9,-15.891900000000001
1631097,Bennedict Mathurin,LAC,43,31.1,0.576,0.114,0.248,0.104,10.9,-15.9318
1630311,Pat Spencer,GSW,50,17.2,0.515,0.286,0.181,0.088,10.9,-15.934000000000001
203937,Kyle Anderson,MIN,30,19.3,0.603,0.185,0.138,0.091,10.9,-15.934700000000001
1631159,Leonard Miller,CHI,31,10.1,0.621,0.069,0.168,0.1,10.9,-15.947300000000002
203991,Clint Capela,HOU,60,12.5,0.532,0.069,0.133,0.11,10.9,-15.9799
1629023,P.J. Washington,DAL,48,30.8,0.523,0.09,0.197,0.091,10.9,-15.983400000000001
1642274,Yves Missi,NOP,55,18.8,0.553,0.078,0.121,0.085,10.9,-15.996200000000002
203507,Giannis Antetokounmpo,MIL,35,29.0,0.661,0.338,0.354,0.212,11.1,-16.0014
1629636,Darius Garland,LAC,32,29.6,0.575,0.324,0.257,0.108,11.0,-16.0134
203914,Gary Harris,MIL,43,13.7,0.591,0.1,0.076,0.048,10.9,-16.020400000000002
1630172,Patrick Williams,CHI,57,19.6,0.504,0.1,0.161,0.058,10.9,-16.028200000000002
1642275,Tidjane Salaün,CHA,36,15.9,0.632,0.072,0.147,0.104,11.0,-16.0922
1641854,Craig Porter Jr.,CLE,58,17.6,0.516,0.23,0.12,0.091,11.0,-16.1096
2544,LeBron James,LAL,46,33.3,0.587,0.327,0.268,0.147,11.1,-16.1165
1626220,Royce O'Neale,PHX,67,29.2,0.585,0.131,0.141,0.081,11.0,-16.1175
1642419,Jamison Battle,TOR,49,8.5,0.633,0.057,0.128,0.075,11.0,-16.1291
1630545,Terrence Shannon Jr.,MIN,30,11.5,0.55,0.085,0.155,0.044,11.0,-16.1795
1642352,Keshad Johnson,MIA,24,7.6,0.518,0.015,0.174,0.064,11.0,-16.1895
1631200,Kris Murray,POR,43,23.9,0.524,0.066,0.104,0.057,11.0,-16.1928
203648,Thanasis Antetokounmpo,MIL,26,3.3,0.576,0.085,0.152,0.13,11.1,-16.2337
1630191,Isaiah Stewart,DET,55,23.2,0.626,0.075,0.162,0.095,11.1,-16.249699999999997
1631106,Tari Eason,HOU,44,26.2,0.527,0.085,0.18,0.086,11.1,-16.2917
1630314,Brandon Williams,DAL,58,22.3,0.569,0.249,0.244,0.114,11.2,-16.334899999999998
1641712,Rayan Rupert,MEM,57,14.7,0.496,0.075,0.135,0.051,11.1,-16.3511
1642450,Daniss Jenkins,DET,57,17.3,0.506,0.259,0.202,0.093,11.2,-16.386499999999998
1630559,Austin Reaves,LAL,41,34.0,0.654,0.246,0.265,0.144,11.3,-16.417600000000004
201142,Kevin Durant,HOU,63,36.5,0.634,0.192,0.264,0.15,11.3,-16.436000000000003
1642864,Hugo González,BOS,62,15.5,0.555,0.049,0.115,0.067,11.2,-16.4733
1642907,Cedric Coward,MEM,52,26.0,0.58,0.154,0.202,0.11,11.3,-16.521400000000003
1642935,Chucky Hepburn,TOR,2,6.6,0.0,0.286,0.219,-0.1,11.1,-16.6204
1629656,Quentin Grimes,PHI,61,29.9,0.588,0.167,0.179,0.091,11.4,-16.687900000000003
1631169,Josh Minott,BKN,41,15.8,0.641,0.083,0.149,0.099,11.4,-16.6899
1641824,Matas Buzelis,CHI,66,28.9,0.592,0.107,0.22,0.096,11.4,-16.691100000000002
201935,James Harden,CLE,57,34.9,0.608,0.357,0.287,0.147,11.5,-16.6953
203992,Bogdan Bogdanović,LAC,18,21.6,0.5,0.201,0.183,0.065,11.4,-16.738100000000003
1642880,Kam Jones,IND,27,16.1,0.494,0.233,0.138,0.058,11.4,-16.7469
203935,Marcus Smart,LAL,56,28.5,0.549,0.127,0.153,0.06,11.4,-16.7517
201587,Nicolas Batum,LAC,63,18.4,0.598,0.07,0.092,0.056,11.4,-16.765400000000003
1631119,Jaylin Williams,OKC,53,20.5,0.583,0.174,0.157,0.109,11.5,-16.8242
1627780,Gary Payton II,GSW,59,14.2,0.593,0.167,0.178,0.101,11.5,-16.8261
1630183,Jaden McDaniels,MIN,66,31.7,0.62,0.122,0.178,0.086,11.5,-16.8438
1642867,Collin Murray-Boyles,TOR,47,22.3,0.605,0.129,0.141,0.091,11.5,-16.8501
1629645,Kevin Porter Jr.,MIL,37,33.2,0.564,0.332,0.235,0.131,11.6,-16.8968
1626157,Karl-Anthony Towns,NYK,63,31.2,0.614,0.135,0.248,0.151,11.6,-16.9133
1643052,Chaney Johnson,BKN,4,17.8,0.514,0.109,0.13,0.064,11.5,-16.9217
1631157,Ryan Rollins,MIL,64,32.3,0.577,0.26,0.23,0.108,11.6,-16.937199999999997
1628404,Josh Hart,NYK,54,30.0,0.592,0.224,0.165,0.12,11.6,-16.942999999999998
1630214,Xavier Tillman,CHA,22,6.5,0.461,0.09,0.126,0.065,11.5,-16.9484
1642948,Ryan Nembhard,DAL,46,18.1,0.505,0.353,0.176,0.085,11.6,-16.971899999999998
203114,Khris Middleton,DAL,49,24.3,0.547,0.177,0.198,0.08,11.6,-17.008499999999998
1629630,Ja Morant,MEM,20,28.4,0.521,0.447,0.305,0.128,11.7,-17.018499999999996
1628997,Caleb Martin,DAL,57,14.9,0.521,0.131,0.121,0.063,11.6,-17.065099999999997
1643007,Taelon Peter,IND,29,11.1,0.484,0.138,0.157,0.057,11.6,-17.0766
1631250,Pete Nance,MIL,33,11.4,0.692,0.079,0.142,0.092,11.7,-17.129099999999998
1642856,Egor Dëmin,BKN,52,25.2,0.561,0.199,0.182,0.081,11.7,-17.1485
1627739,Kris Dunn,LAC,67,27.6,0.59,0.183,0.125,0.076,11.7,-17.158099999999997
1630182,Josh Green,CHA,44,16.6,0.665,0.076,0.106,0.067,11.7,-17.173
1641739,Toumani Camara,POR,67,33.5,0.554,0.105,0.159,0.066,11.7,-17.199099999999998
1631110,Jeremy Sochan,NYK,38,10.8,0.534,0.117,0.138,0.068,11.7,-17.205699999999997
1641713,GG Jackson,MEM,45,20.6,0.587,0.102,0.217,0.103,11.8,-17.288200000000003
1627827,Dorian Finney-Smith,HOU,30,17.6,0.435,0.069,0.099,0.028,11.7,-17.307499999999997
1630264,Anthony Gill,WAS,39,12.7,0.636,0.104,0.115,0.077,11.8,-17.314400000000003
1630544,Tre Mann,CHA,43,14.5,0.462,0.219,0.226,0.06,11.8,-17.344300000000004
1643133,Lawson Lovering,MEM,2,24.6,0.574,0.07,0.106,0.07,11.8,-17.358200000000004
1626156,D'Angelo Russell,WAS,26,19.0,0.511,0.328,0.261,0.098,11.9,-17.397000000000002
1641706,Brandon Miller,CHA,51,30.2,0.565,0.182,0.283,0.111,11.9,-17.4018
1642278,Tyler Kolek,NYK,55,12.0,0.513,0.328,0.177,0.095,11.9,-17.416
1642942,Jahmai Mashack,MEM,23,18.4,0.455,0.094,0.141,0.037,11.8,-17.4246
1629011,Mitchell Robinson,NYK,49,19.5,0.654,0.062,0.098,0.117,11.9,-17.433200000000003
1642950,Lachlan Olbrich,CHI,24,6.4,0.465,0.159,0.112,0.067,11.9,-17.5269
1631101,Shaedon Sharpe,POR,48,30.0,0.55,0.148,0.293,0.11,12.0,-17.567
1642355,Bronny James,LAL,32,7.0,0.506,0.236,0.149,0.062,12.0,-17.635
1642869,Noah Penda,ORL,47,13.9,0.53,0.115,0.144,0.083,12.0,-17.6417
1630578,Alperen Sengun,HOU,58,33.4,0.554,0.278,0.265,0.139,12.1,-17.653
1642363,Nique Clifford,SAC,64,23.6,0.491,0.118,0.16,0.057,12.0,-17.6792
1629162,Jordan McLaughlin,SAS,33,5.9,0.506,0.194,0.157,0.081,12.1,-17.776999999999997
1630192,Zeke Nnaji,DEN,46,12.3,0.566,0.064,0.139,0.073,12.1,-17.8036
1630587,Isaiah Livers,PHX,33,10.1,0.49,0.081,0.095,0.053,12.1,-17.857699999999998
1642449,Tolu Smith,DET,7,12.6,0.571,0.098,0.166,0.115,12.2,-17.894
201950,Jrue Holiday,POR,38,29.0,0.59,0.318,0.23,0.127,12.3,-17.945600000000002
1627826,Ivica Zubac,IND,45,30.5,0.634,0.11,0.184,0.133,12.3,-17.993600000000004
1629632,Coby White,CHA,37,27.0,0.576,0.236,0.27,0.1,12.3,-17.9948
203497,Rudy Gobert,MIN,65,31.4,0.679,0.077,0.123,0.119,12.3,-18.0117
1642847,Jeremiah Fears,NOP,68,25.1,0.513,0.187,0.24,0.086,12.3,-18.054700000000004
1642383,Walter Clayton Jr.,MEM,56,19.4,0.519,0.266,0.174,0.073,12.3,-18.054800000000004
1641716,Jarace Walker,IND,66,25.3,0.535,0.134,0.198,0.088,12.3,-18.068200000000004
1641738,Kobe Brown,IND,48,13.1,0.544,0.107,0.155,0.07,12.3,-18.099300000000003
1642484,RayJ Dennis,ATL,16,11.2,0.416,0.275,0.198,0.056,12.3,-18.105500000000003
1642962,Drake Powell,BKN,50,19.5,0.548,0.125,0.148,0.056,12.3,-18.1077
1629012,Collin Sexton,CHI,54,22.9,0.62,0.235,0.248,0.115,12.4,-18.1169
1628467,Maxi Kleber,LAL,35,11.0,0.545,0.075,0.092,0.041,12.3,-18.150100000000002
1642358,AJ Johnson,DAL,38,8.7,0.402,0.149,0.186,0.045,12.3,-18.162300000000002
1642271,Kyle Filipowski,UTA,66,22.9,0.593,0.147,0.186,0.103,12.4,-18.1785
1642857,Kasparas Jakučionis,MIA,41,17.9,0.603,0.172,0.13,0.07,12.4,-18.2112
1630166,Deni Avdija,POR,51,33.3,0.604,0.313,0.279,0.147,12.5,-18.2117
203083,Andre Drummond,PHI,49,19.4,0.548,0.074,0.145,0.111,12.4,-18.218600000000002
1641842,Ronald Holland II,DET,62,20.5,0.528,0.092,0.186,0.091,12.4,-18.233
1642268,Isaiah Collier,UTA,57,25.7,0.571,0.407,0.199,0.102,12.5,-18.2577
1642277,Johnny Furphy,IND,35,18.4,0.547,0.085,0.125,0.066,12.4,-18.2647
1630604,E.J. Liddell,BKN,14,6.4,0.648,0.128,0.158,0.121,12.5,-18.2998
1630625,Dalano Banton,BOS,5,5.0,0.506,0.267,0.207,0.076,12.5,-18.3501
1642928,Dylan Cardwell,SAC,30,20.9,0.597,0.081,0.101,0.09,12.5,-18.3767
1641771,Jalen Slawson,IND,2,21.3,0.392,0.258,0.163,0.084,12.5,-18.3992
1630194,Paul Reed,DET,49,12.9,0.635,0.124,0.191,0.144,12.6,-18.426599999999997
1630591,Jalen Suggs,ORL,43,26.8,0.565,0.284,0.228,0.114,12.6,-18.429199999999998
1631116,Patrick Baldwin Jr.,SAC,7,8.3,0.51,0.054,0.152,0.05,12.5,-18.4494
1630570,Trendon Watford,PHI,44,16.6,0.567,0.223,0.163,0.091,12.6,-18.482699999999998
1630611,Gui Santos,GSW,55,18.4,0.601,0.158,0.167,0.095,12.6,-18.4838
1627747,Caris LeVert,DET,46,19.4,0.511,0.194,0.174,0.074,12.6,-18.528599999999997
202685,Jonas Valančiūnas,DEN,56,13.4,0.631,0.152,0.253,0.143,12.7,-18.5584
1629680,Matisse Thybulle,POR,15,12.0,0.612,0.099,0.148,0.109,12.7,-18.636899999999997
1631246,Vince Williams Jr.,UTA,40,20.5,0.478,0.281,0.19,0.085,12.7,-18.6515
1631107,Nikola Jović,MIA,45,17.6,0.485,0.174,0.203,0.076,12.7,-18.687199999999997
1642264,Stephon Castle,SAS,57,29.8,0.57,0.336,0.246,0.114,12.8,-18.708000000000002
1643141,Jahmyl Telfort,LAC,8,4.0,0.087,0.05,0.093,-0.064,12.5,-18.7456
1641750,Ryan Kalkbrenner,CHA,55,22.1,0.745,0.051,0.115,0.108,12.8,-18.755700000000004
203078,Bradley Beal,LAC,6,20.2,0.476,0.106,0.224,0.018,12.7,-18.764999999999997
1630581,Josh Giddey,CHI,45,31.9,0.574,0.402,0.246,0.147,12.9,-18.803600000000003
101108,Chris Paul,LAC,16,14.2,0.413,0.351,0.135,0.064,12.8,-18.838500000000003
1628502,Nigel Hayes-Davis,PHX,27,7.2,0.356,0.055,0.116,0.028,12.7,-18.839899999999997
1631321,Sidy Cissoko,POR,60,21.0,0.528,0.098,0.126,0.039,12.8,-18.895200000000003
1642273,Kyshawn George,WAS,48,29.0,0.559,0.226,0.222,0.09,12.9,-18.924200000000003
1629057,Robert Williams III,POR,46,16.8,0.747,0.095,0.13,0.168,13.0,-18.9787
1629234,Drew Eubanks,SAC,42,13.1,0.605,0.052,0.161,0.082,13.0,-19.1282
1641774,Tristan Vukcevic,WAS,41,13.1,0.597,0.143,0.252,0.113,13.1,-19.2049
1631104,Blake Wesley,POR,22,13.3,0.515,0.26,0.178,0.071,13.2,-19.409399999999998
1631174,Tyler Burton,MEM,2,28.2,0.185,0.024,0.158,-0.046,13.0,-19.4332
1627734,Domantas Sabonis,SAC,19,29.7,0.59,0.209,0.223,0.131,13.3,-19.475700000000003
1641748,Andre Jackson Jr.,MIL,35,6.0,0.349,0.191,0.159,0.033,13.2,-19.538299999999996
1627751,Jakob Poeltl,TOR,31,25.4,0.698,0.105,0.137,0.106,13.4,-19.655900000000003
203482,Kelly Olynyk,SAS,36,8.9,0.584,0.19,0.158,0.086,13.4,-19.6918
201566,Russell Westbrook,SAC,62,29.1,0.53,0.326,0.253,0.107,13.5,-19.7826
203500,Steven Adams,HOU,32,22.8,0.535,0.084,0.116,0.1,13.5,-19.8876
1642852,Derik Queen,NOP,67,25.0,0.549,0.221,0.213,0.109,13.9,-20.4125
1631132,Christian Koloko,ATL,23,13.6,0.467,0.056,0.103,0.048,13.8,-20.4278
1642949,Yanic Konan Niederhäuser,LAC,41,10.3,0.691,0.041,0.153,0.098,14.0,-20.5827
1642354,KJ Simpson,DEN,17,14.5,0.428,0.256,0.214,0.068,14.0,-20.6412
1628366,Lonzo Ball,CLE,35,20.8,0.432,0.236,0.13,0.077,14.0,-20.6534
1629655,Daniel Gafford,DAL,48,21.7,0.676,0.069,0.147,0.113,14.1,-20.7165
1627749,Dejounte Murray,NOP,8,27.0,0.651,0.3,0.281,0.165,14.3,-20.878400000000003
1629020,Jarred Vanderbilt,LAL,55,17.8,0.543,0.092,0.118,0.077,14.2,-20.954599999999996
1628392,Isaiah Hartenstein,OKC,37,25.3,0.638,0.183,0.157,0.139,14.3,-20.969500000000004
203994,Jusuf Nurkić,UTA,41,26.4,0.548,0.261,0.186,0.121,14.3,-20.994300000000003
1642265,Rob Dillingham,CHI,50,12.5,0.421,0.24,0.214,0.056,14.3,-21.1108
1642876,Adou Thiero,LAL,19,5.5,0.551,0.08,0.12,0.05,14.3,-21.131600000000002
1628964,Mo Bamba,UTA,4,11.0,0.455,0.037,0.123,0.091,14.3,-21.1413
1630228,Jonathan Kuminga,ATL,24,24.0,0.571,0.164,0.233,0.113,14.4,-21.1628
1630536,Sharife Cooper,WAS,25,14.7,0.58,0.233,0.201,0.082,14.4,-21.175900000000002
1642920,Kobe Sanders,LAC,55,20.7,0.581,0.116,0.151,0.057,14.4,-21.245600000000003
1642267,Bub Carrington,WAS,66,27.5,0.537,0.228,0.167,0.069,14.5,-21.3644
1630543,Isaiah Jackson,LAC,48,16.3,0.627,0.082,0.15,0.1,14.6,-21.4946
1642849,Nolan Traore,BKN,44,22.1,0.487,0.252,0.205,0.051,14.8,-21.837600000000002
1630703,Scoot Henderson,POR,15,23.3,0.562,0.273,0.263,0.087,14.9,-21.9037
1630590,Scotty Pippen Jr.,MEM,10,21.2,0.537,0.324,0.255,0.086,15.1,-22.200999999999997
1630175,Cole Anthony,MIL,35,15.0,0.483,0.354,0.244,0.082,15.2,-22.369799999999998
1641752,Bobi Klintman,DET,11,6.3,0.366,0.13,0.182,0.027,15.4,-22.851200000000002
1642345,Oso Ighodaro,PHX,67,21.1,0.63,0.13,0.119,0.087,15.6,-22.998199999999997
1631451,Javonte Cooke,POR,19,4.9,0.275,0.127,0.205,0.019,15.5,-23.0419
1630549,Day'Ron Sharpe,BKN,62,18.7,0.638,0.207,0.19,0.141,15.7,-23.053699999999996
1641737,Adem Bona,PHI,57,17.5,0.634,0.032,0.106,0.066,15.8,-23.349600000000002
203939,Dwight Powell,DAL,50,13.9,0.703,0.085,0.085,0.073,16.2,-23.903299999999998
1641790,PJ Hall,CHA,19,11.2,0.599,0.077,0.17,0.098,16.3,-24.055300000000003
203110,Draymond Green,GSW,54,27.1,0.539,0.272,0.162,0.083,16.5,-24.3374
1642884,Vladislav Goldin,MIA,4,2.9,0.667,0.222,0.118,0.097,16.7,-24.595999999999997
202066,Garrett Temple,TOR,16,2.9,0.329,0.154,0.137,0.028,16.7,-24.816799999999997
1630619,Moussa Cisse,DAL,34,12.5,0.567,0.025,0.129,0.079,17.1,-25.310900000000004
1641744,Zach Edey,MEM,11,25.8,0.669,0.061,0.2,0.157,17.2,-25.317099999999996
1642367,Jonathan Mogbo,TOR,27,5.9,0.513,0.131,0.099,0.076,17.3,-25.609700000000004
1641761,Grant Nelson,BKN,4,8.8,0.634,0.217,0.222,0.1,17.4,-25.636899999999997
1641813,Mark Sears,MIL,7,3.7,0.666,0.125,0.344,0.078,17.4,-25.649299999999997
1641755,Kevin McCullar Jr.,NYK,19,6.7,0.47,0.238,0.157,0.049,17.9,-26.510199999999998
1642879,Ben Saraf,BKN,31,18.2,0.469,0.244,0.179,0.05,18.0,-26.6534
1631216,Caleb Houstan,ATL,13,4.4,0.705,0.059,0.149,0.055,18.2,-26.915499999999998
203967,Dario Saric,SAC,5,8.2,0.363,0.061,0.1,0.015,18.2,-27.101499999999998
1642905,Yang Hansen,POR,39,7.1,0.402,0.122,0.195,0.022,19.0,-28.2416
1630208,Nick Richards,CHI,43,14.1,0.566,0.036,0.177,0.081,19.2,-28.446399999999997
201599,DeAndre Jordan,NOP,10,16.3,0.693,0.07,0.095,0.117,19.6,-28.9658
1642280,Trentyn Flowers,CHI,2,2.8,0.667,0.5,0.25,0.128,20.0,-29.4052
1642882,Julian Reese,WAS,4,31.1,0.629,0.082,0.124,0.076,20.0,-29.623
1642368,N'Faly Dante,ATL,4,3.9,0.338,0.0,0.119,0.116,20.0,-29.725
1643024,Chris Mañon,LAL,6,4.2,0.347,0.056,0.063,0.074,20.0,-29.7578
1643016,Bez Mbeng,UTA,1,33.8,0.25,0.19,0.131,0.022,20.0,-29.7948
1642967,John Poulakidas,DAL,1,14.5,0.0,0.25,0.088,0.038,20.0,-29.8694
1631117,Walker Kessler,UTA,5,30.8,0.786,0.155,0.167,0.138,20.8,-30.667700000000004
203486,Mason Plumlee,SAS,16,8.3,0.752,0.159,0.078,0.097,20.9,-30.8889
204060,Joe Ingles,MIN,23,4.0,0.607,0.235,0.073,0.064,21.1,-31.258100000000002
1642873,Amari Williams,BOS,19,6.3,0.539,0.107,0.101,0.07,21.1,-31.3121
1643158,Andersson Garcia,UTA,2,26.8,0.47,0.063,0.131,0.031,21.1,-31.385900000000003
1628998,Cody Martin,IND,4,13.8,0.277,0.065,0.119,0.045,21.1,-31.4509
1641726,Dereck Lively II,DAL,7,16.5,0.67,0.153,0.113,0.094,21.7,-32.119499999999995
1630574,Ariel Hukporti,NYK,48,9.0,0.608,0.076,0.094,0.076,22.0,-32.6392
1630579,Jericho Sims,MIL,51,17.8,0.831,0.087,0.084,0.083,22.1,-32.691700000000004
1630610,DeJon Jarreau,MEM,1,24.3,0.436,0.214,0.161,0.068,23.1,-34.31120000000001
1642863,Khaman Maluach,PHX,32,6.9,0.596,0.035,0.147,0.077,24.4,-36.244699999999995
1641890,Tyler Smith,DAL,1,5.7,0.0,0.0,0.308,-0.128,25.0,-37.5664
1630164,James Wiseman,IND,4,14.6,0.597,0.075,0.114,0.01,26.3,-39.1559
202687,Bismack Biyombo,SAS,19,5.7,0.714,0.068,0.069,0.019,27.3,-40.611200000000004
1642260,Nikola Topić,OKC,5,10.5,0.5,0.345,0.22,0.055,29.7,-44.147499999999994
1642282,Hunter Sallis,PHI,7,3.7,0.595,0.235,0.169,0.024,33.3,-49.58369999999999
1641998,Trey Jemison III,NYK,11,5.5,0.605,0.07,0.086,0.033,37.5,-55.9368
1642933,Keshon Gilbert,ATL,3,16.1,0.521,0.097,0.109,0.022,40.0,-59.7187
1641869,Malachi Smith,BKN,1,23.2,0.4,0.077,0.175,0.022,45.5,-68.0099
1630621,Hunter Dickinson,NOP,1,4.7,0.5,0.0,0.333,-0.139,50.0,-74.8724
