PLAYER_ID,PLAYER_NAME,TEAM_ABBREVIATION,GP,MIN,PF,PFD,FTA,FGA,FTr,Net_Fouls
1629029,Luka Dončić,LAL,55,1960.9183333333333,131,406,558,1225,0.4555102040816327,275
1628983,Shai Gilgeous-Alexander,OKC,56,1881.3816666666667,115,344,510,1105,0.46153846153846156,229
203999,Nikola Jokić,DEN,52,1811.3416666666667,138,354,406,917,0.44274809160305345,216
202695,Kawhi Leonard,LAC,53,1712.7583333333334,68,275,358,1039,0.34456207892204044,207
1627759,Jaylen Brown,BOS,60,2040.9133333333334,163,364,422,1300,0.32461538461538464,201
1631094,Paolo Banchero,ORL,56,1959.2016666666666,105,304,446,900,0.4955555555555556,199
1626164,Devin Booker,PHX,51,1702.985,133,330,403,939,0.4291799787007455,197
203507,Giannis Antetokounmpo,MIL,35,1016.0966666666667,85,280,344,576,0.5972222222222222,195
1630166,Deni Avdija,POR,51,1699.1416666666667,133,326,455,818,0.5562347188264058,193
201142,Kevin Durant,HOU,63,2297.655,121,311,376,1123,0.3348174532502226,190
1641705,Victor Wembanyama,SAS,52,1523.9833333333333,138,325,370,850,0.43529411764705883,187
1628973,Jalen Brunson,NYK,63,2195.485,146,325,365,1263,0.2889944576405384,179
1628389,Bam Adebayo,MIA,60,1910.7233333333334,104,273,340,942,0.3609341825902335,169
201935,James Harden,CLE,57,1989.295,107,276,442,938,0.47121535181236673,169
202710,Jimmy Butler III,GSW,38,1181.6766666666667,46,210,287,462,0.6212121212121212,164
1630162,Anthony Edwards,MIN,58,2060.66,109,267,427,1189,0.35912531539108494,158
1629627,Zion Williamson,NOP,51,1513.1633333333334,116,272,388,692,0.5606936416184971,156
1628374,Lauri Markkanen,UTA,42,1442.5966666666666,77,231,268,805,0.33291925465838507,154
1627783,Pascal Siakam,IND,55,1844.3516666666667,132,284,343,1020,0.3362745098039216,152
1627750,Jamal Murray,DEN,63,2205.4683333333332,106,250,334,1157,0.28867761452031115,144
1628378,Donovan Mitchell,CLE,59,1969.6466666666668,135,277,361,1200,0.30083333333333334,142
201942,DeMar DeRozan,SAC,67,2129.295,134,273,376,877,0.42873432155074115,139
1641718,Keyonte George,UTA,54,1786.1083333333333,120,256,378,881,0.42905788876276957,136
1630559,Austin Reaves,LAL,41,1394.725,89,222,297,623,0.4767255216693419,133
203954,Joel Embiid,PHI,33,1029.02,70,198,282,600,0.47,128
1630178,Tyrese Maxey,PHI,61,2333.7466666666664,132,255,373,1336,0.2791916167664671,123
201939,Stephen Curry,GSW,39,1221.6783333333333,74,187,204,744,0.27419354838709675,113
1630314,Brandon Williams,DAL,58,1290.835,90,201,255,553,0.46112115732368897,111
1630578,Alperen Sengun,HOU,58,1937.8266666666666,186,296,318,916,0.3471615720524017,110
2544,LeBron James,LAL,46,1529.8383333333334,62,171,240,728,0.32967032967032966,109
1627742,Brandon Ingram,TOR,64,2183.5183333333334,124,231,295,1100,0.2681818181818182,107
1630552,Jalen Johnson,ATL,60,2113.5783333333334,129,236,337,1029,0.3275024295432459,107
1628386,Jarrett Allen,CLE,51,1404.445,92,198,229,481,0.4760914760914761,106
203944,Julius Randle,MIN,68,2248.6116666666667,194,296,414,1037,0.39922854387656703,102
1642843,Cooper Flagg,DAL,55,1849.75,116,217,250,900,0.2777777777777778,101
203497,Rudy Gobert,MIN,65,2041.63,173,273,271,398,0.6809045226130653,100
1628401,Derrick White,BOS,64,2198.7616666666668,98,195,186,972,0.19135802469135801,97
1630595,Cade Cunningham,DET,59,2053.2233333333334,187,284,371,1126,0.32948490230905864,97
1630560,Cam Thomas,MIL,40,842.2433333333333,42,138,160,445,0.3595505617977528,96
1631096,Chet Holmgren,OKC,58,1704.0783333333334,132,228,237,670,0.3537313432835821,96
1626181,Norman Powell,MIA,50,1501.3783333333333,106,199,283,791,0.3577749683944374,93
1641708,Amen Thompson,HOU,64,2370.588333333333,140,232,314,842,0.37292161520190026,92
1629638,Nickeil Alexander-Walker,ATL,64,2127.8716666666664,141,232,241,984,0.24491869918699186,91
203924,Jerami Grant,POR,51,1514.6116666666667,127,210,304,653,0.4655436447166922,83
1626157,Karl-Anthony Towns,NYK,63,1968.67,224,306,357,871,0.40987370838117104,82
1629651,Nic Claxton,BKN,60,1720.95,138,219,212,512,0.4140625,81
1629012,Collin Sexton,CHI,54,1238.7066666666667,103,180,191,553,0.3453887884267631,77
1630180,Saddiq Bey,NOP,61,1881.1816666666666,73,148,255,797,0.3199498117942284,75
1631097,Bennedict Mathurin,LAC,43,1337.4483333333333,118,192,264,577,0.45753899480069327,74
1631105,Jalen Duren,DET,56,1544.69,158,227,320,640,0.5,69
1630532,Franz Wagner,ORL,28,891.0683333333334,63,132,174,428,0.40654205607476634,69
1631101,Shaedon Sharpe,POR,48,1439.0783333333334,95,163,194,847,0.22904368358913813,68
1629008,Michael Porter Jr.,BKN,52,1688.6033333333332,116,182,227,958,0.23695198329853862,66
1630581,Josh Giddey,CHI,45,1435.715,74,139,204,615,0.33170731707317075,65
1629614,Andrew Nembhard,IND,52,1620.875,109,174,213,697,0.30559540889526543,65
1630200,Tre Jones,CHI,50,1347.6816666666666,70,134,161,437,0.3684210526315789,64
1641796,Pelle Larsson,MIA,57,1455.385,112,176,167,437,0.38215102974828374,64
1642264,Stephon Castle,SAS,57,1700.7566666666667,190,252,326,686,0.4752186588921283,62
1629632,Coby White,CHA,37,999.365,84,143,180,477,0.37735849056603776,59
203471,Dennis Schröder,CLE,56,1425.485,90,148,172,549,0.3132969034608379,58
203932,Aaron Gordon,DEN,27,749.25,41,96,128,313,0.40894568690095845,55
1629027,Trae Young,WAS,14,362.57,29,80,92,167,0.5508982035928144,51
1630530,Trey Murphy III,NOP,59,2089.33,123,173,226,950,0.23789473684210527,50
1630193,Immanuel Quickley,TOR,63,2054.725,131,181,201,843,0.23843416370106763,50
1628970,Miles Bridges,CHA,63,2002.3716666666667,110,157,219,891,0.24579124579124578,47
1629645,Kevin Porter Jr.,MIL,37,1228.465,85,131,148,499,0.2965931863727455,46
203076,Anthony Davis,WAS,20,625.63,42,87,81,334,0.24251497005988024,45
1641764,Brandin Podziemski,GSW,66,1847.9866666666667,117,161,159,678,0.2345132743362832,44
1629656,Quentin Grimes,PHI,61,1822.3966666666668,124,168,199,600,0.33166666666666667,44
1629630,Ja Morant,MEM,20,568.5,40,84,117,322,0.36335403726708076,44
203501,Tim Hardaway Jr.,DEN,67,1820.3616666666667,84,127,169,661,0.2556732223903177,43
1630596,Evan Mobley,CLE,52,1679.5,131,174,238,690,0.34492753623188405,43
1641757,Jordan Miller,LAC,46,976.5266666666666,45,87,134,289,0.46366782006920415,42
1629628,RJ Barrett,TOR,42,1261.9616666666666,104,144,199,589,0.3378607809847199,40
1642349,Ajay Mitchell,OKC,46,1214.9516666666666,96,135,141,495,0.28484848484848485,39
1630230,Naji Marshall,DAL,64,1880.0816666666667,122,160,254,675,0.3762962962962963,38
1630567,Scottie Barnes,TOR,64,2192.05,181,217,245,938,0.26119402985074625,36
1628960,Grayson Allen,PHX,43,1290.5716666666667,96,132,143,588,0.24319727891156462,36
1642847,Jeremiah Fears,NOP,68,1707.3366666666666,125,161,179,788,0.22715736040609136,36
1631245,Quenton Jackson,IND,35,609.3333333333334,60,95,87,217,0.4009216589861751,35
1627826,Ivica Zubac,IND,45,1373.4666666666667,106,138,134,444,0.30180180180180183,32
1630228,Jonathan Kuminga,ATL,24,575.01,37,68,92,229,0.4017467248908297,31
1642259,Alex Sarr,WAS,45,1238.6783333333333,91,122,142,622,0.2282958199356913,31
1642377,Jaylen Wells,MEM,64,1708.1633333333334,142,170,162,661,0.24508320726172467,28
1631114,Jalen Williams,OKC,26,755.47,54,82,102,365,0.27945205479452057,28
1629636,Darius Garland,LAC,32,948.7116666666667,56,82,92,465,0.1978494623655914,26
1629631,De'Andre Hunter,SAC,45,1175.4866666666667,112,138,143,501,0.28542914171656686,26
1628368,De'Aaron Fox,SAS,58,1832.1516666666666,134,160,208,856,0.24299065420560748,26
204001,Kristaps Porziņģis,GSW,21,495.61333333333334,63,87,96,258,0.37209302325581395,24
1630583,Santi Aldama,MEM,43,1198.0783333333334,69,93,114,476,0.23949579831932774,24
203468,CJ McCollum,ATL,62,1848.5,115,138,203,937,0.21664887940234792,23
1631170,Jaime Jaquez Jr.,MIA,63,1809.7433333333333,122,145,199,763,0.2608125819134993,23
1630224,Jalen Green,PHX,19,467.4166666666667,21,44,49,304,0.1611842105263158,23
1642269,Devin Carter,SAC,27,386.46,30,51,51,164,0.31097560975609756,21
1629673,Jordan Poole,NOP,33,807.62,77,98,100,382,0.2617801047120419,21
1631107,Nikola Jović,MIA,45,791.3716666666667,63,84,101,305,0.33114754098360655,21
1626156,D'Angelo Russell,WAS,26,494.775,30,51,60,232,0.25862068965517243,21
1628398,Kyle Kuzma,MIL,61,1618.825,124,144,172,619,0.2778675282714055,20
1642860,Will Riley,WAS,58,1111.4133333333334,62,80,112,400,0.28,18
1641730,Noah Clowney,BKN,61,1687.5566666666666,159,176,212,596,0.35570469798657717,17
1629023,P.J. Washington,DAL,48,1477.6,103,120,162,562,0.28825622775800713,17
1641710,Anthony Black,ORL,60,1840.8383333333334,159,176,215,736,0.2921195652173913,17
203897,Zach LaVine,SAC,39,1224.2633333333333,81,97,142,547,0.2595978062157221,16
203500,Steven Adams,HOU,32,730.365,55,70,81,139,0.5827338129496403,15
1630198,Isaiah Joe,OKC,59,1290.8433333333332,106,121,111,458,0.2423580786026201,15
203084,Harrison Barnes,SAS,62,1660.225,71,86,106,484,0.2190082644628099,15
1641824,Matas Buzelis,CHI,66,1908.275,156,171,205,799,0.2565707133917397,15
1630163,LaMelo Ball,CHA,58,1600.4333333333334,154,169,137,990,0.1383838383838384,15
1631217,Moussa Diabaté,CHA,60,1546.9766666666667,146,159,151,308,0.4902597402597403,13
1628371,Jonathan Isaac,ORL,52,520.8933333333333,41,53,58,109,0.5321100917431193,12
1642354,KJ Simpson,DEN,17,246.06,15,27,18,96,0.1875,12
1629660,Ty Jerome,MEM,12,265.005,25,37,54,168,0.32142857142857145,12
1629021,Moritz Wagner,ORL,26,337.35833333333335,46,57,65,152,0.4276315789473684,11
1628991,Jaren Jackson Jr.,UTA,48,1454.6483333333333,179,190,203,719,0.282336578581363,11
1629639,Tyler Herro,MIA,21,643.4883333333333,39,50,72,338,0.21301775147928995,11
1631212,Peyton Watson,DEN,49,1501.905,121,132,176,532,0.3308270676691729,11
1631109,Mark Williams,PHX,56,1321.785,123,134,163,412,0.39563106796116504,11
1630202,Payton Pritchard,BOS,65,2115.825,90,101,114,897,0.12709030100334448,11
203484,Kentavious Caldwell-Pope,MEM,51,1087.5583333333334,57,68,80,366,0.2185792349726776,11
1630557,Corey Kispert,ATL,46,916.0316666666666,48,58,81,327,0.24770642201834864,10
1631221,Collin Gillespie,PHX,66,1904.5333333333333,108,118,76,705,0.10780141843971631,10
1642851,Kon Knueppel,CHA,67,2140.63,145,154,197,903,0.21816168327796234,9
1628415,Dillon Brooks,PHX,50,1530.26,166,175,188,871,0.2158438576349024,9
1626162,Kelly Oubre Jr.,PHI,41,1329.4683333333332,103,112,137,458,0.29912663755458513,9
1642268,Isaiah Collier,UTA,57,1464.3033333333333,135,144,198,485,0.40824742268041236,9
1631108,Max Christie,DAL,62,1826.5233333333333,85,93,109,608,0.17927631578947367,8
1642353,Cam Christie,LAC,44,410.46666666666664,18,26,44,118,0.3728813559322034,8
1642450,Daniss Jenkins,DET,57,986.0016666666667,81,88,97,383,0.25326370757180156,7
1626192,Pat Connaughton,CHA,32,247.75666666666666,8,15,16,75,0.21333333333333335,7
1641713,GG Jackson,MEM,45,926.2083333333334,66,72,106,384,0.2760416666666667,6
1631218,Trayce Jackson-Davis,TOR,44,449.22,40,46,64,113,0.5663716814159292,6
1631104,Blake Wesley,POR,22,293.27666666666664,30,36,33,98,0.336734693877551,6
201950,Jrue Holiday,POR,38,1102.1116666666667,60,65,80,502,0.1593625498007968,5
202331,Paul George,PHI,27,823.8716666666667,60,65,76,354,0.21468926553672316,5
1641774,Tristan Vukcevic,WAS,41,536.8133333333334,62,67,84,248,0.3387096774193548,5
1628963,Marvin Bagley III,DAL,49,984.5633333333334,98,102,124,331,0.37462235649546827,4
202685,Jonas Valančiūnas,DEN,56,748.4816666666667,118,122,111,322,0.3447204968944099,4
1641989,Elijah Harkless,UTA,18,284.62333333333333,34,37,37,74,0.5,3
1642384,Isaiah Crawford,HOU,11,66.63333333333334,3,6,4,13,0.3076923076923077,3
1641723,Kobe Bufkin,LAL,11,90.15,6,9,8,38,0.21052631578947367,3
1630703,Scoot Henderson,POR,15,349.9766666666667,43,46,52,164,0.3170731707317073,3
1642530,Yuki Kawamura,CHI,9,101.905,6,9,6,20,0.3,3
1631123,Jamaree Bouyea,PHX,34,516.1016666666667,31,34,31,181,0.1712707182320442,3
203552,Seth Curry,GSW,4,51.36833333333333,3,6,3,17,0.17647058823529413,3
1629726,Garrison Mathews,IND,15,196.1,19,22,23,52,0.4423076923076923,3
1641761,Grant Nelson,BKN,4,35.01,6,8,10,9,1.1111111111111112,2
203486,Mason Plumlee,SAS,16,132.84833333333333,11,13,12,12,1.0,2
1630167,Obi Toppin,IND,10,163.55666666666667,14,16,22,68,0.3235294117647059,2
1641813,Mark Sears,MIL,7,26.081666666666667,4,6,8,13,0.6153846153846154,2
1629013,Landry Shamet,NYK,43,995.0066666666667,71,73,71,315,0.2253968253968254,2
1631214,Alondes Williams,WAS,4,100.78333333333333,4,6,8,26,0.3076923076923077,2
203648,Thanasis Antetokounmpo,MIL,26,85.10333333333334,10,12,20,19,1.0526315789473684,2
1630548,Johnny Juzang,MIN,21,87.69833333333334,3,5,8,38,0.21052631578947367,2
1627734,Domantas Sabonis,SAC,19,563.5883333333334,66,68,77,221,0.34841628959276016,2
1631111,Wendell Moore Jr.,DET,5,54.471666666666664,1,3,2,7,0.2857142857142857,2
1642357,David Jones Garcia,SAS,11,67.975,6,8,6,25,0.24,2
202699,Tobias Harris,DET,49,1381.54,85,87,125,519,0.24084778420038536,2
1642910,John Tonje,BOS,3,10.966666666666667,1,2,2,2,1.0,1
1642368,N'Faly Dante,ATL,4,15.416666666666666,1,2,1,4,0.25,1
1628436,Luke Kornet,SAS,57,1208.7616666666668,105,106,96,233,0.41201716738197425,1
202066,Garrett Temple,TOR,16,45.67,3,4,6,8,0.75,1
1628380,Zach Collins,CHI,10,183.73666666666668,18,19,20,64,0.3125,1
200768,Kyle Lowry,PHI,9,75.95666666666666,5,6,6,12,0.5,1
1642400,Tristan Enaruna,CLE,6,34.166666666666664,1,2,1,16,0.0625,1
1642914,Javon Small,MEM,32,606.7583333333333,45,46,68,209,0.3253588516746411,1
1641771,Jalen Slawson,IND,2,42.583333333333336,3,4,4,11,0.36363636363636365,1
1641869,Malachi Smith,BKN,1,23.216666666666665,0,1,0,5,0.0,1
1642907,Cedric Coward,MEM,52,1354.5133333333333,102,103,134,535,0.2504672897196262,1
1642886,Koby Brea,PHX,5,23.05,0,1,2,9,0.2222222222222222,1
1642955,Kadary Richmond,WAS,3,66.8,2,3,3,16,0.1875,1
1630625,Dalano Banton,BOS,5,25.15,1,1,2,9,0.2222222222222222,0
1628998,Cody Martin,IND,4,55.18,5,5,6,10,0.6,0
1642282,Hunter Sallis,PHI,7,25.673333333333332,2,2,2,5,0.4,0
1630174,Aaron Nesmith,IND,38,1127.7833333333333,101,101,98,432,0.22685185185185186,0
1641890,Tyler Smith,DAL,1,5.7,0,0,0,3,0.0,0
1641780,Johni Broome,PHI,11,54.76166666666666,7,7,6,24,0.25,0
1641815,Isaiah Stevens,SAC,3,42.78333333333333,2,2,4,7,0.5714285714285714,0
1641729,Brice Sensabaugh,UTA,64,1436.7833333333333,119,119,158,669,0.23617339312406577,0
1630699,MarJon Beauchamp,PHI,5,85.08333333333333,5,5,9,32,0.28125,0
1629684,Grant Williams,CHA,24,471.20666666666665,38,38,40,131,0.3053435114503817,0
1642468,Darius Brown,CLE,1,2.6666666666666665,0,0,0,1,0.0,0
1628420,Monte Morris,IND,6,64.61666666666666,3,3,4,20,0.2,0
1641744,Zach Edey,MEM,11,283.8516666666667,37,37,32,98,0.32653061224489793,0
1641809,Drew Peterson,CHA,6,64.26833333333333,3,3,2,16,0.125,0
1631205,Buddy Boeheim,OKC,4,15.003333333333334,1,1,0,6,0.0,0
1643016,Bez Mbeng,UTA,1,33.833333333333336,1,1,0,8,0.0,0
1628369,Jayson Tatum,BOS,4,113.17166666666667,6,6,9,75,0.12,0
1642449,Tolu Smith,DET,7,88.38666666666667,14,14,18,21,0.8571428571428571,0
1642402,Enrique Freeman,MIN,2,7.983333333333333,0,0,0,0,0.0,0
1631211,Trevor Keels,MIA,4,4.863333333333333,0,0,0,4,0.0,0
1631210,Jacob Toppin,ATL,5,16.866666666666667,1,1,0,6,0.0,0
1627749,Dejounte Murray,NOP,8,216.31666666666666,23,23,35,106,0.330188679245283,0
1642951,Sean Pedulla,LAC,1,6.0,0,0,0,4,0.0,0
1641722,Jordan Hawkins,NOP,42,514.7733333333333,22,21,18,180,0.1,-1
1642882,Julian Reese,WAS,4,124.38333333333334,16,15,16,20,0.8,-1
1631247,Luke Travers,CLE,12,103.09166666666667,6,5,9,36,0.25,-1
1642347,Jamal Shead,TOR,66,1450.9633333333334,133,132,93,413,0.22518159806295399,-1
1629026,Kenrich Williams,OKC,45,710.4316666666666,50,49,43,231,0.18614718614718614,-1
1642933,Keshon Gilbert,ATL,3,48.25,3,2,4,4,1.0,-1
1630536,Sharife Cooper,WAS,25,368.74333333333334,35,34,36,129,0.27906976744186046,-1
1641790,PJ Hall,CHA,19,213.37833333333333,22,21,29,59,0.4915254237288136,-1
1642935,Chucky Hepburn,TOR,2,13.233333333333333,2,1,0,6,0.0,-1
1641732,Colby Jones,DET,1,6.816666666666666,1,0,0,3,0.0,-1
1642280,Trentyn Flowers,CHI,2,5.55,1,0,0,3,0.0,-1
1641787,Tosan Evbuomwan,CHA,5,7.713333333333333,1,0,0,1,0.0,-1
1631223,David Roddy,DEN,2,12.233333333333333,2,1,2,3,0.6666666666666666,-1
201599,DeAndre Jordan,NOP,10,162.85,14,13,15,23,0.6521739130434783,-1
1630610,DeJon Jarreau,MEM,1,24.25,2,1,2,6,0.3333333333333333,-1
201959,Taj Gibson,MEM,1,11.583333333333334,2,1,0,5,0.0,-1
1642911,Rocco Zikarsky,MIN,4,16.25,1,0,0,5,0.0,-1
1642359,Pacôme Dadiet,NYK,23,85.79333333333334,5,4,6,23,0.2608695652173913,-1
1641801,Emanuel Miller,SAS,5,33.05,2,1,2,13,0.15384615384615385,-1
1642855,Noa Essengue,CHI,2,6.033333333333333,1,0,0,3,0.0,-1
1641706,Brandon Miller,CHA,51,1541.835,143,142,186,839,0.22169249106078665,-1
1630695,Micah Potter,IND,34,647.2783333333333,61,60,70,204,0.3431372549019608,-1
1631103,Malaki Branham,WAS,28,275.47833333333335,21,19,34,91,0.37362637362637363,-2
1642967,John Poulakidas,DAL,1,14.466666666666667,2,0,0,2,0.0,-2
1642917,Max Shulga,BOS,4,6.048333333333333,2,0,0,1,0.0,-2
1642938,Curtis Jones,DEN,6,30.816666666666666,3,1,0,14,0.0,-2
1641747,DaRon Holmes II,DEN,19,194.44333333333333,17,15,11,56,0.19642857142857142,-2
1629634,Brandon Clarke,MEM,2,20.438333333333333,5,3,4,9,0.4444444444444444,-2
1631466,Nate Williams,GSW,6,87.05333333333333,12,10,9,34,0.2647058823529412,-2
203967,Dario Saric,SAC,5,41.248333333333335,3,1,2,6,0.3333333333333333,-2
1641765,Olivier-Maxence Prosper,MEM,42,725.265,58,56,74,239,0.30962343096234307,-2
1631127,Harrison Ingram,SAS,5,17.333333333333332,2,0,0,5,0.0,-2
1642260,Nikola Topić,OKC,5,52.58166666666666,4,2,0,16,0.0,-2
1630649,Stanley Umude,SAS,2,6.566666666666666,2,0,0,2,0.0,-2
1630621,Hunter Dickinson,NOP,1,4.715,2,0,0,2,0.0,-2
1630590,Scotty Pippen Jr.,MEM,10,211.86666666666667,31,29,23,96,0.23958333333333334,-2
1642918,Alijah Martin,TOR,16,102.38166666666666,10,8,16,34,0.47058823529411764,-2
1641794,Dillon Jones,NYK,5,23.838333333333335,4,2,4,5,0.8,-2
201569,Eric Gordon,PHI,6,73.75,3,1,2,21,0.09523809523809523,-2
1642434,Riley Minix,CLE,5,18.983333333333334,2,0,0,9,0.0,-2
1631451,Javonte Cooke,POR,19,93.665,6,4,2,41,0.04878048780487805,-2
1641807,Norchad Omier,LAC,3,14.166666666666666,2,0,0,5,0.0,-2
1631115,Orlando Robinson,ORL,4,24.816666666666666,3,1,0,5,0.0,-2
1629111,Jock Landale,ATL,60,1340.365,129,126,117,495,0.23636363636363636,-3
1642358,AJ Johnson,DAL,38,331.28333333333336,19,16,22,121,0.18181818181818182,-3
1642884,Vladislav Goldin,MIA,4,11.528333333333334,3,0,0,3,0.0,-3
203078,Bradley Beal,LAC,6,120.91666666666667,14,11,8,48,0.16666666666666666,-3
1628384,OG Anunoby,NYK,54,1792.53,135,132,185,661,0.27987897125567324,-3
204060,Joe Ingles,MIN,23,91.38,6,3,2,9,0.2222222222222222,-3
1631174,Tyler Burton,MEM,2,56.45,5,2,2,18,0.1111111111111111,-3
1641725,Trey Alexander,NOP,5,41.626666666666665,4,1,0,9,0.0,-3
1643133,Lawson Lovering,MEM,2,49.265,7,4,5,10,0.5,-3
1627746,Skal Labissiere,WAS,3,37.55,3,0,0,10,0.0,-3
1642873,Amari Williams,BOS,19,120.37666666666667,15,12,12,17,0.7058823529411765,-3
1643158,Andersson Garcia,UTA,2,53.6,8,5,4,11,0.36363636363636365,-3
1641810,Antonio Reeves,CHA,9,66.04333333333334,3,0,0,20,0.0,-3
1629646,Charles Bassey,PHI,3,35.15,5,2,3,9,0.3333333333333333,-3
1641753,Chris Livingston,CLE,3,17.426666666666666,4,1,1,7,0.14285714285714285,-3
1642443,Jahmir Young,MIA,10,47.028333333333336,5,2,1,20,0.05,-3
1643024,Chris Mañon,LAL,6,25.085,5,2,2,2,1.0,-3
1631121,Bryce McGowens,NOP,42,879.9333333333333,88,85,95,237,0.4008438818565401,-3
1642270,Donovan Clingan,POR,62,1697.3066666666666,142,139,169,538,0.3141263940520446,-3
1642403,Isaac Jones,DET,5,23.6,4,1,2,5,0.4,-3
1643141,Jahmyl Telfort,LAC,8,32.03333333333333,5,2,4,4,1.0,-3
1629312,Haywood Highsmith,PHX,4,52.675,5,1,2,10,0.2,-4
1641715,Cam Whitmore,WAS,21,353.98333333333335,25,21,31,169,0.1834319526627219,-4
1631102,TyTy Washington Jr.,LAC,9,52.37833333333333,4,0,0,14,0.0,-4
1631099,Keegan Murray,SAC,23,793.0966666666667,42,38,49,300,0.16333333333333333,-4
1629750,Javonte Green,DET,66,1198.9666666666667,91,87,105,342,0.30701754385964913,-4
1629001,De'Anthony Melton,GSW,36,812.28,80,76,96,402,0.23880597014925373,-4
1627936,Alex Caruso,OKC,45,838.2616666666667,51,46,44,258,0.17054263565891473,-5
1626166,Cameron Payne,PHI,13,221.68666666666667,18,13,12,88,0.13636363636363635,-5
1630644,Mac McClung,CHI,4,47.358333333333334,8,3,4,25,0.16,-5
1641816,Hunter Tyson,DEN,21,161.9,13,8,13,52,0.25,-5
1643018,LJ Cryer,GSW,8,101.93333333333334,12,7,11,40,0.275,-5
1643052,Chaney Johnson,BKN,4,71.38333333333334,11,6,8,14,0.5714285714285714,-5
1631116,Patrick Baldwin Jr.,SAC,7,58.155,9,4,6,16,0.375,-5
1628964,Mo Bamba,UTA,4,43.8,6,1,0,11,0.0,-5
201145,Jeff Green,HOU,25,133.53333333333333,8,3,3,53,0.05660377358490566,-5
1642859,Jase Richardson,ORL,44,506.59833333333336,48,43,37,163,0.22699386503067484,-5
203482,Kelly Olynyk,SAS,36,321.5966666666667,39,34,30,87,0.3448275862068966,-5
1641752,Bobi Klintman,DET,11,68.85,11,5,3,26,0.11538461538461539,-6
1642352,Keshad Johnson,MIA,24,182.76833333333335,19,13,21,69,0.30434782608695654,-6
1631124,Julian Strawther,DEN,44,672.48,57,51,60,239,0.2510460251046025,-6
1629162,Jordan McLaughlin,SAS,33,195.5,10,4,5,61,0.08196721311475409,-6
1627884,Derrick Jones Jr.,LAC,35,952.4733333333334,73,67,74,275,0.2690909090909091,-6
202696,Nikola Vučević,BOS,60,1739.9016666666666,119,113,91,770,0.11818181818181818,-6
1628418,Thomas Bryant,CLE,49,551.8216666666667,59,53,55,205,0.2682926829268293,-6
1642905,Yang Hansen,POR,39,276.61,40,34,29,93,0.3118279569892473,-6
1630208,Nick Richards,CHI,43,606.4516666666667,77,71,89,171,0.52046783625731,-6
1642502,Malevy Leons,GSW,13,100.76166666666667,14,8,8,26,0.3076923076923077,-6
1631166,Drew Timme,LAL,21,179.33166666666668,13,7,7,51,0.13725490196078433,-6
1641998,Trey Jemison III,NYK,11,60.98833333333334,9,3,1,7,0.14285714285714285,-6
1629234,Drew Eubanks,SAC,42,552.27,57,51,57,156,0.36538461538461536,-6
1631216,Caleb Houstan,ATL,13,56.666666666666664,8,2,3,15,0.2,-6
1631120,JD Davison,HOU,25,183.53333333333333,16,9,9,54,0.16666666666666666,-7
1642404,Chaz Lanier,DET,24,190.59166666666667,11,4,5,65,0.07692307692307693,-7
204456,T.J. McConnell,IND,48,811.9733333333334,56,49,22,392,0.05612244897959184,-7
1642876,Adou Thiero,LAL,19,104.13666666666667,15,8,10,21,0.47619047619047616,-7
1641738,Kobe Brown,IND,48,631.0583333333333,49,42,47,178,0.2640449438202247,-7
1641716,Jarace Walker,IND,66,1670.6016666666667,116,109,162,621,0.2608695652173913,-7
1630604,E.J. Liddell,BKN,14,90.26666666666667,10,3,3,28,0.10714285714285714,-7
1629655,Daniel Gafford,DAL,48,1040.02,124,117,120,266,0.45112781954887216,-7
1628370,Malik Monk,SAC,53,1164.51,84,77,90,549,0.16393442622950818,-7
1629599,Amir Coffey,PHX,41,427.47333333333336,28,21,28,93,0.3010752688172043,-7
1629637,Jaxson Hayes,LAL,55,974.5133333333333,109,101,101,208,0.4855769230769231,-8
1642285,Cam Spencer,MEM,63,1510.1633333333334,93,85,121,498,0.2429718875502008,-8
203926,Doug McDermott,SAC,16,166.55333333333334,9,1,2,54,0.037037037037037035,-8
1630214,Xavier Tillman,CHA,22,143.71166666666667,12,4,0,38,0.0,-8
1641750,Ryan Kalkbrenner,CHA,55,1214.45,86,78,101,247,0.4089068825910931,-8
201566,Russell Westbrook,SAC,62,1801.32,146,138,177,823,0.21506682867557717,-8
1630639,A.J. Lawson,TOR,14,109.96666666666667,15,7,9,41,0.21951219512195122,-8
1630164,James Wiseman,IND,4,58.461666666666666,10,2,2,10,0.2,-8
1630526,Jeremiah Robinson-Earl,DAL,22,360.615,26,18,18,100,0.18,-8
1630591,Jalen Suggs,ORL,43,1150.66,115,107,105,489,0.2147239263803681,-8
1642484,RayJ Dennis,ATL,16,179.61666666666667,17,8,9,73,0.1232876712328767,-9
1631213,Tyrese Martin,PHI,43,766.4266666666666,33,24,28,275,0.10181818181818182,-9
1641733,Nick Smith Jr.,LAL,25,318.4266666666667,24,15,11,133,0.08270676691729323,-9
1630545,Terrence Shannon Jr.,MIN,30,343.50666666666666,36,27,33,101,0.32673267326732675,-9
1642367,Jonathan Mogbo,TOR,27,159.89,15,6,5,29,0.1724137931034483,-9
1630619,Moussa Cisse,DAL,34,425.2966666666667,61,52,66,83,0.7951807228915663,-9
1631207,Dalen Terry,PHI,42,492.4433333333333,42,32,27,133,0.20300751879699247,-10
1630170,Devin Vassell,SAS,54,1656.2983333333334,87,77,110,622,0.17684887459807075,-10
1641731,Bilal Coulibaly,WAS,46,1219.6233333333332,117,107,143,416,0.34375,-10
1630188,Jalen Smith,CHI,49,1019.4883333333333,101,91,88,381,0.23097112860892388,-10
1631117,Walker Kessler,UTA,5,153.98,22,12,20,37,0.5405405405405406,-10
1642863,Khaman Maluach,PHX,32,222.12833333333333,26,15,15,53,0.2830188679245283,-11
1630322,Lindy Waters III,SAS,34,221.90166666666667,18,7,1,66,0.015151515151515152,-11
1630182,Josh Green,CHA,44,732.425,51,40,26,151,0.17218543046357615,-11
1642852,Derik Queen,NOP,67,1675.6583333333333,183,172,215,611,0.3518821603927987,-11
1631126,Caleb Love,POR,45,999.2583333333333,47,36,49,485,0.10103092783505155,-11
1642939,Miles Kelly,DAL,14,133.72333333333333,12,1,1,44,0.022727272727272728,-11
1642396,Blake Hinson,UTA,8,166.58333333333334,16,5,4,56,0.07142857142857142,-11
1642355,Bronny James,LAL,32,223.925,16,5,5,63,0.07936507936507936,-11
1642862,Liam McNeeley,CHA,28,342.02,35,24,31,88,0.3522727272727273,-11
1631131,Oscar Tshiebwe,UTA,12,152.63333333333333,17,6,4,40,0.1,-11
1642879,Ben Saraf,BKN,31,563.535,48,37,48,161,0.2981366459627329,-11
1641778,Leaky Black,WAS,5,159.4,15,4,6,39,0.15384615384615385,-11
1630702,Jaden Hardy,WAS,45,640.18,60,49,63,308,0.20454545454545456,-11
1630592,Jalen Wilson,BKN,44,618.455,57,46,51,191,0.2670157068062827,-11
1641842,Ronald Holland II,DET,62,1268.8083333333334,142,130,133,445,0.298876404494382,-12
1629680,Matisse Thybulle,POR,15,180.46666666666667,23,11,10,52,0.19230769230769232,-12
1631159,Leonard Miller,CHI,31,313.24333333333334,29,17,21,105,0.2,-12
1641726,Dereck Lively II,DAL,7,115.27333333333333,21,9,10,18,0.5555555555555556,-12
1630533,Ziaire Williams,BKN,47,1076.1066666666666,94,82,102,348,0.29310344827586204,-12
1642383,Walter Clayton Jr.,MEM,56,1089.0183333333334,99,87,91,346,0.2630057803468208,-12
1628502,Nigel Hayes-Davis,PHX,27,195.21333333333334,16,4,4,46,0.08695652173913043,-12
203939,Dwight Powell,DAL,50,696.1916666666667,98,86,85,80,1.0625,-12
201567,Kevin Love,UTA,36,598.0166666666667,52,40,42,193,0.21761658031088082,-12
1631199,Ron Harper Jr.,BOS,21,239.70166666666665,18,5,2,75,0.02666666666666667,-13
1628449,Chris Boucher,BOS,9,94.15,17,4,4,25,0.16,-13
1631093,Jaden Ivey,CHI,37,670.255,53,40,47,256,0.18359375,-13
1642959,Chris Youngblood,POR,32,174.20833333333334,20,7,10,60,0.16666666666666666,-13
1630165,Killian Hayes,SAC,10,152.78333333333333,17,4,6,52,0.11538461538461539,-13
1630623,Tyson Etienne,BKN,12,96.65,17,4,4,38,0.10526315789473684,-13
1627747,Caris LeVert,DET,46,891.6316666666667,72,59,63,295,0.2135593220338983,-13
1641755,Kevin McCullar Jr.,NYK,19,127.37666666666667,18,5,5,34,0.14705882352941177,-13
202687,Bismack Biyombo,SAS,19,108.10333333333334,21,7,5,9,0.5555555555555556,-14
203991,Clint Capela,HOU,60,747.39,56,42,58,187,0.31016042780748665,-14
1631288,Jamal Cain,ORL,24,172.04833333333335,26,12,18,57,0.3157894736842105,-14
1642964,Brooks Barnhizer,OKC,33,258.835,21,7,6,50,0.12,-14
1631204,Marcus Sasser,DET,25,300.8666666666667,23,9,14,113,0.12389380530973451,-14
1643007,Taelon Peter,IND,29,322.3466666666667,21,7,10,102,0.09803921568627451,-14
1641748,Andre Jackson Jr.,MIL,35,209.08666666666667,26,12,10,60,0.16666666666666666,-14
1630696,Dru Smith,MIA,64,1091.5383333333334,102,87,101,311,0.3247588424437299,-15
1642950,Lachlan Olbrich,CHI,24,153.15833333333333,25,10,10,30,0.3333333333333333,-15
1628392,Isaiah Hartenstein,OKC,37,934.5966666666667,99,84,92,248,0.3709677419354839,-15
1626145,Tyus Jones,DEN,60,915.33,30,15,9,200,0.045,-15
1642866,Joan Beringer,MIN,31,208.61833333333334,34,18,17,60,0.2833333333333333,-16
101108,Chris Paul,LAC,16,227.535,23,7,2,56,0.03571428571428571,-16
1641854,Craig Porter Jr.,CLE,58,1023.6616666666666,64,48,36,234,0.15384615384615385,-16
1641763,Julian Phillips,MIN,42,363.325,34,17,17,98,0.17346938775510204,-17
1626167,Myles Turner,MIL,62,1700.2816666666668,157,140,155,578,0.2681660899653979,-17
1631342,Daeqwon Plowden,SAC,19,454.7416666666667,36,19,24,134,0.1791044776119403,-17
203992,Bogdan Bogdanović,LAC,18,389.2266666666667,41,24,23,128,0.1796875,-17
1642382,Branden Carlson,OKC,35,376.42,30,12,17,134,0.12686567164179105,-18
1631128,Christian Braun,DEN,32,1020.4966666666667,75,57,78,267,0.29213483146067415,-18
203935,Marcus Smart,LAL,56,1596.5166666666667,145,127,114,439,0.25968109339407747,-18
1642880,Kam Jones,IND,27,435.59,28,10,8,116,0.06896551724137931,-18
1641739,Toumani Camara,POR,67,2241.65,200,182,114,719,0.15855354659248957,-18
203114,Khris Middleton,DAL,49,1190.31,116,98,120,448,0.26785714285714285,-18
1630587,Isaiah Livers,PHX,33,331.73333333333335,27,8,12,61,0.19672131147540983,-19
1627752,Taurean Prince,MIL,11,213.45,24,5,3,48,0.0625,-19
1642275,Tidjane Salaün,CHA,36,571.08,54,35,40,158,0.25316455696202533,-19
1630598,Aaron Wiggins,OKC,53,1218.0633333333333,73,54,68,461,0.1475054229934924,-19
1630264,Anthony Gill,WAS,39,495.83,46,27,21,111,0.1891891891891892,-19
203994,Jusuf Nurkić,UTA,41,1083.0683333333334,134,115,113,358,0.31564245810055863,-19
203952,Andrew Wiggins,MIA,57,1764.9783333333332,126,107,137,721,0.1900138696255201,-19
1628988,Aaron Holiday,HOU,43,557.7066666666667,57,38,37,197,0.18781725888324874,-19
1631169,Josh Minott,BKN,41,647.73,54,35,42,179,0.2346368715083799,-19
1630192,Zeke Nnaji,DEN,46,566.305,60,40,44,137,0.32116788321167883,-20
1642949,Yanic Konan Niederhäuser,LAC,41,423.67833333333334,66,45,62,100,0.62,-21
1629674,Neemias Queta,BOS,63,1575.5283333333334,176,155,148,413,0.3583535108958838,-21
1631119,Jaylin Williams,OKC,53,1084.115,108,87,80,305,0.26229508196721313,-21
1642869,Noah Penda,ORL,47,651.5783333333334,61,40,48,179,0.2681564245810056,-21
1642853,Rasheer Fleming,PHX,41,409.9683333333333,35,14,17,131,0.1297709923664122,-21
1631230,Dominick Barlow,PHI,56,1367.4066666666668,114,93,109,338,0.3224852071005917,-21
1629640,Keldon Johnson,SAS,67,1558.8666666666666,138,116,152,618,0.2459546925566343,-22
1641871,Duop Reath,POR,32,258.17,28,6,6,74,0.08108108108108109,-22
1628404,Josh Hart,NYK,54,1621.6033333333332,134,111,102,495,0.20606060606060606,-23
1630245,Ayo Dosunmu,MIN,59,1553.9666666666667,107,84,119,609,0.19540229885057472,-23
1629661,Cameron Johnson,DEN,42,1283.31,98,75,91,359,0.25348189415041783,-23
1629006,Josh Okogie,HOU,63,1177.5216666666668,95,72,59,260,0.22692307692307692,-23
1642261,Dalton Knecht,LAL,48,509.3616666666667,40,17,20,174,0.11494252873563218,-23
1642878,Tyrese Proctor,CLE,42,435.72,48,25,29,177,0.1638418079096045,-23
1630700,Dyson Daniels,ATL,63,2096.5983333333334,135,111,99,641,0.1544461778471139,-24
1630551,Justin Champagnie,WAS,59,1138.1866666666667,93,69,88,367,0.23978201634877383,-24
1629618,Jalen Pickett,DEN,43,728.3133333333334,39,15,13,204,0.06372549019607843,-24
201144,Mike Conley,MIN,46,831.04,65,41,46,177,0.2598870056497175,-24
1642272,Jared McCain,OKC,53,917.3266666666667,66,42,47,369,0.12737127371273713,-24
1630611,Gui Santos,GSW,55,1011.4633333333334,99,75,66,322,0.20496894409937888,-24
1628396,Tony Bradley,IND,38,416.27,60,35,43,106,0.4056603773584906,-25
1626172,Kevon Looney,NOP,18,250.53666666666666,32,7,8,52,0.15384615384615385,-25
1630549,Day'Ron Sharpe,BKN,62,1159.915,147,122,152,356,0.42696629213483145,-25
1630679,Ethan Thompson,IND,24,416.93666666666667,49,24,17,120,0.14166666666666666,-25
1630256,Jae'Sean Tate,HOU,34,286.55,37,12,7,78,0.08974358974358974,-25
1642844,Dylan Harper,SAS,55,1218.605,106,80,105,511,0.2054794520547945,-26
1629057,Robert Williams III,POR,46,774.4766666666667,57,31,42,193,0.21761658031088082,-26
1630311,Pat Spencer,GSW,50,860.8316666666667,61,35,42,297,0.1414141414141414,-26
203937,Kyle Anderson,MIN,30,578.3283333333334,73,47,54,138,0.391304347826087,-26
1630811,Keaton Wallace,ATL,46,476.0733333333333,42,16,14,147,0.09523809523809523,-26
1628975,Jevon Carter,ORL,37,552.0066666666667,38,12,17,198,0.08585858585858586,-26
1628997,Caleb Martin,DAL,57,848.6283333333333,86,59,59,187,0.3155080213903743,-27
1630175,Cole Anthony,MIL,35,526.635,73,46,26,231,0.11255411255411256,-27
1631246,Vince Williams Jr.,UTA,40,819.395,80,53,50,292,0.17123287671232876,-27
1641709,Ausar Thompson,DET,57,1459.8816666666667,155,128,161,462,0.3484848484848485,-27
1642419,Jamison Battle,TOR,49,417.74833333333333,34,7,9,109,0.08256880733944955,-27
1630173,Precious Achiuwa,SAC,60,1354.47,105,77,91,437,0.20823798627002288,-28
1641707,Taylor Hendricks,MEM,48,857.3983333333333,76,48,58,258,0.2248062015503876,-28
1630194,Paul Reed,DET,49,634.3716666666667,84,56,70,229,0.3056768558951965,-28
1631250,Pete Nance,MIL,33,375.5783333333333,31,3,2,106,0.018867924528301886,-28
1641724,Jett Howard,ORL,44,544.28,51,23,36,197,0.18274111675126903,-28
1630570,Trendon Watford,PHI,44,729.2683333333333,87,59,55,221,0.248868778280543,-28
1630540,Miles McBride,NYK,35,980.6183333333333,64,36,43,362,0.11878453038674033,-28
1628467,Maxi Kleber,LAL,35,383.49333333333334,50,22,22,60,0.36666666666666664,-28
1642274,Yves Missi,NOP,55,1036.1733333333334,91,63,79,239,0.3305439330543933,-28
201143,Al Horford,GSW,43,932.7516666666667,50,21,26,311,0.08360128617363344,-29
1631132,Christian Koloko,ATL,23,313.75166666666667,42,13,10,62,0.16129032258064516,-29
1642942,Jahmai Mashack,MEM,23,422.875,46,17,17,120,0.14166666666666666,-29
1628366,Lonzo Ball,CLE,35,727.7433333333333,46,17,21,176,0.11931818181818182,-29
1630172,Patrick Williams,CHI,57,1114.45,73,44,52,367,0.14168937329700274,-29
1631248,Baylor Scheierman,BOS,62,1064.6483333333333,83,54,18,243,0.07407407407407407,-29
1631110,Jeremy Sochan,NYK,38,410.80833333333334,54,24,18,111,0.16216216216216217,-30
1630217,Desmond Bane,ORL,66,2263.25,209,179,273,997,0.27382146439317956,-30
1642276,Kel'el Ware,MIA,63,1431.3133333333333,103,73,85,544,0.15625,-30
1627824,Guerschon Yabusele,CHI,56,746.3983333333333,63,33,43,230,0.18695652173913044,-30
1642278,Tyler Kolek,NYK,55,661.6766666666666,61,31,18,229,0.07860262008733625,-30
1642962,Drake Powell,BKN,50,976.2166666666667,70,39,63,255,0.24705882352941178,-31
1641711,Gradey Dick,TOR,63,948.6883333333334,89,58,79,327,0.2415902140672783,-31
1642948,Ryan Nembhard,DAL,46,831.3066666666666,60,29,19,276,0.06884057971014493,-31
1641740,Jaylen Clark,MIN,59,738.9883333333333,75,44,60,184,0.32608695652173914,-31
1630574,Ariel Hukporti,NYK,48,430.065,58,27,28,60,0.4666666666666667,-31
1631095,Jabari Smith Jr.,HOU,62,2159.34,155,123,163,762,0.21391076115485563,-32
1642856,Egor Dëmin,BKN,52,1308.2083333333333,93,61,65,449,0.1447661469933185,-32
1629723,John Konchar,UTA,43,746.9283333333333,54,22,20,117,0.17094017094017094,-32
1629004,Svi Mykhailiuk,UTA,48,1122.945,62,29,28,339,0.08259587020648967,-33
1629014,Anfernee Simons,CHI,55,1371.9333333333334,94,61,77,648,0.11882716049382716,-33
1642854,Asa Newell,ATL,40,444.9916666666667,62,29,25,149,0.16778523489932887,-33
1628381,John Collins,LAC,55,1518.2233333333334,147,114,118,525,0.22476190476190477,-33
1630568,Luka Garza,BOS,57,894.4,131,97,98,264,0.3712121212121212,-34
1631172,Ousmane Dieng,MIL,42,630.1733333333333,48,14,16,201,0.07960199004975124,-34
1629018,Gary Trent Jr.,MIL,56,1174.6033333333332,69,35,43,381,0.11286089238845144,-34
203083,Andre Drummond,PHI,49,952.5333333333333,102,68,75,258,0.29069767441860467,-34
1629048,Goga Bitadze,ORL,48,730.54,97,62,67,167,0.40119760479041916,-35
1626204,Larry Nance Jr.,CLE,29,352.7366666666667,49,14,5,97,0.05154639175257732,-35
1631323,Simone Fontecchio,MIA,60,1012.2116666666667,89,53,90,412,0.21844660194174756,-36
1630241,Sam Merrill,CLE,42,1085.8333333333333,107,71,50,379,0.13192612137203166,-36
1642885,Mohamed Diawara,NYK,57,488.125,45,9,12,171,0.07017543859649122,-36
1630577,Julian Champagnie,SAS,67,1862.7616666666668,107,71,120,559,0.2146690518783542,-36
1629011,Mitchell Robinson,NYK,49,956.535,108,72,86,161,0.5341614906832298,-36
1631200,Kris Murray,POR,43,1026.3333333333333,73,37,45,214,0.2102803738317757,-36
1628989,Kevin Huerter,DET,55,1218.15,97,61,62,470,0.13191489361702127,-36
1642883,Sion James,CHA,68,1569.545,124,87,93,299,0.3110367892976589,-37
1642277,Johnny Furphy,IND,35,643.0533333333333,65,28,35,149,0.2348993288590604,-37
1642265,Rob Dillingham,CHI,50,626.6066666666667,73,36,36,255,0.1411764705882353,-37
1631165,Keon Ellis,CLE,58,1117.1383333333333,102,65,48,292,0.1643835616438356,-37
1641783,Tristan da Silva,ORL,61,1477.005,88,51,53,487,0.10882956878850103,-37
1628969,Mikal Bridges,NYK,68,2280.2,138,100,84,830,0.10120481927710843,-38
1630541,Moses Moody,GSW,59,1505.7166666666667,118,80,109,537,0.20297951582867785,-38
203914,Gary Harris,MIL,43,587.6283333333333,44,6,9,84,0.10714285714285714,-38
1642848,Tre Johnson,WAS,53,1276.305,103,64,81,565,0.1433628318584071,-39
1642066,Myron Gardner,MIA,36,344.775,59,20,23,102,0.22549019607843138,-39
202691,Klay Thompson,DAL,59,1292.58,61,22,40,628,0.06369426751592357,-39
1630572,Sandro Mamukelashvili,TOR,64,1408.495,125,86,120,498,0.24096385542168675,-39
1642857,Kasparas Jakučionis,MIA,41,733.135,80,40,42,187,0.22459893048128343,-40
1627751,Jakob Poeltl,TOR,31,787.4833333333333,98,58,62,189,0.328042328042328,-40
1630191,Isaiah Stewart,DET,55,1273.3866666666668,156,116,125,386,0.3238341968911917,-40
1627741,Buddy Hield,ATL,45,772.6716666666666,56,15,34,301,0.11295681063122924,-41
1628379,Luke Kennard,LAL,63,1324.5583333333334,81,40,48,349,0.13753581661891118,-41
1642868,Carter Bryant,SAS,56,569.2666666666667,60,19,27,201,0.13432835820895522,-41
1642273,Kyshawn George,WAS,48,1390.9633333333334,169,127,131,577,0.2270363951473137,-42
1642849,Nolan Traore,BKN,44,972.3233333333334,92,50,63,345,0.1826086956521739,-42
1629130,Duncan Robinson,DET,64,1769.8616666666667,141,99,91,584,0.1558219178082192,-42
1642875,Maxime Raynaud,SAC,60,1503.4166666666667,141,99,110,501,0.21956087824351297,-42
1631321,Sidy Cissoko,POR,60,1260.66,156,114,78,303,0.25742574257425743,-42
1629028,Deandre Ayton,LAL,58,1591.7583333333334,133,91,106,496,0.21370967741935484,-42
1629731,Dean Wade,CLE,52,1165.0116666666668,85,42,38,243,0.15637860082304528,-43
1630544,Tre Mann,CHA,43,623.8583333333333,65,22,25,279,0.08960573476702509,-43
1631157,Ryan Rollins,MIL,64,2064.2,172,129,127,870,0.14597701149425288,-43
1630171,Isaac Okoro,CHI,55,1480.0416666666667,138,95,98,396,0.2474747474747475,-43
1631133,Jabari Walker,PHI,56,700.53,92,49,61,196,0.3112244897959184,-43
203903,Jordan Clarkson,NYK,58,1036.315,103,60,80,437,0.18306636155606407,-43
201572,Brook Lopez,LAC,60,1217.8233333333333,112,66,47,402,0.11691542288557213,-46
1642364,Jamir Watkins,WAS,34,638.01,88,42,42,174,0.2413793103448276,-46
1642262,Cody Williams,UTA,53,1153.125,94,47,60,302,0.1986754966887417,-47
1631222,Jake LaRavia,LAL,67,1691.4183333333333,150,103,134,453,0.2958057395143488,-47
1641737,Adem Bona,PHI,57,996.5066666666667,130,83,88,172,0.5116279069767442,-47
1642874,Danny Wolf,BKN,53,1103.88,116,68,105,407,0.257985257985258,-48
1626171,Bobby Portis,MIL,63,1516.6733333333334,107,59,61,686,0.08892128279883382,-48
1629020,Jarred Vanderbilt,LAL,55,977.8033333333333,96,48,47,206,0.22815533980582525,-48
1629216,Gabe Vincent,ATL,39,688.4133333333333,65,17,12,170,0.07058823529411765,-48
1628976,Wendell Carter Jr.,ORL,63,1868.05,221,171,181,522,0.34674329501915707,-50
1627827,Dorian Finney-Smith,HOU,30,528.53,58,7,5,107,0.04672897196261682,-51
1629060,Rui Hachimura,LAL,55,1607.4016666666666,87,36,54,491,0.109979633401222,-51
1642348,Justin Edwards,PHI,50,744.3383333333334,78,26,30,220,0.13636363636363635,-52
1630579,Jericho Sims,MIL,51,908.54,96,44,34,112,0.30357142857142855,-52
1642258,Zaccharie Risacher,ATL,53,1274.9816666666666,113,61,73,466,0.15665236051502146,-52
1642845,VJ Edgecombe,PHI,60,2101.4,175,122,150,798,0.18796992481203006,-53
1642954,Will Richard,GSW,56,1103.8733333333332,106,52,51,298,0.17114093959731544,-54
1631243,Mouhamed Gueye,ATL,64,986.0566666666666,108,53,61,249,0.24497991967871485,-55
1642877,Micah Peavy,NOP,51,704.1083333333333,73,18,17,225,0.07555555555555556,-55
1630543,Isaiah Jackson,LAC,48,783.2533333333333,130,74,94,201,0.46766169154228854,-56
1630534,Ochai Agbaji,BKN,53,816.0866666666667,83,26,31,223,0.13901345291479822,-57
1630538,Bones Hyland,MIN,59,871.1433333333333,99,42,54,332,0.16265060240963855,-57
1630692,Jordan Goodwin,PHX,57,1255.8933333333334,107,50,44,462,0.09523809523809523,-57
1642864,Hugo González,BOS,62,962.4233333333333,109,51,26,221,0.11764705882352941,-58
1642867,Collin Murray-Boyles,TOR,47,1046.3066666666666,118,59,72,271,0.2656826568265683,-59
1631255,Karlo Matković,NOP,54,760.1233333333333,92,32,34,188,0.18085106382978725,-60
1642266,Ja'Kobe Walter,TOR,56,1062.6383333333333,116,56,62,293,0.21160409556313994,-60
1628978,Donte DiVincenzo,MIN,68,2101.411666666667,167,105,92,687,0.1339155749636099,-62
1641767,Ben Sheppard,IND,56,1209.7516666666668,101,38,45,337,0.13353115727002968,-63
1630631,Jose Alvarado,NYK,57,1160.1816666666666,108,44,36,369,0.0975609756097561,-64
1641772,Nae'Qwan Tomlin,CLE,52,824.6333333333333,104,39,54,265,0.2037735849056604,-65
1642267,Bub Carrington,WAS,66,1816.05,147,82,87,561,0.15508021390374332,-65
1630573,Sam Hauser,BOS,64,1581.2666666666667,91,26,14,509,0.0275049115913556,-65
1630168,Onyeka Okongwu,ATL,61,1909.3133333333333,206,140,165,737,0.22388059701492538,-66
1642920,Kobe Sanders,LAC,55,1140.3833333333334,116,50,53,309,0.1715210355987055,-66
1629611,Terance Mann,BKN,57,1396.7433333333333,138,72,76,340,0.2235294117647059,-66
1642281,Jaylon Tyson,CLE,62,1690.9,160,92,99,620,0.1596774193548387,-68
1631106,Tari Eason,HOU,44,1152.3566666666666,105,37,40,428,0.09345794392523364,-68
1641712,Rayan Rupert,MEM,57,839.35,97,28,34,228,0.14912280701754385,-69
1642366,Quinten Post,GSW,63,1084.2016666666666,118,48,41,412,0.09951456310679611,-70
1629675,Naz Reid,MIN,67,1751.8033333333333,168,98,104,747,0.1392235609103079,-70
1641775,Jordan Walsh,BOS,58,997.8783333333333,119,48,48,221,0.2171945701357466,-71
203110,Draymond Green,GSW,54,1463.5466666666666,158,87,63,402,0.15671641791044777,-71
1642271,Kyle Filipowski,UTA,66,1510.2966666666666,197,123,178,509,0.34970530451866405,-74
1630643,Jay Huff,IND,67,1386.195,159,84,83,496,0.16733870967741934,-75
1642263,Reed Sheppard,HOU,66,1710.47,137,61,79,759,0.10408432147562582,-76
1629652,Luguentz Dort,OKC,57,1593.5583333333334,164,88,54,452,0.11946902654867257,-76
1642928,Dylan Cardwell,SAC,30,628.07,111,34,40,113,0.35398230088495575,-77
1642363,Nique Clifford,SAC,64,1510.8183333333334,133,56,75,463,0.16198704103671707,-77
1641717,Cason Wallace,OKC,65,1774.7766666666666,134,57,58,509,0.11394891944990176,-77
1627780,Gary Payton II,GSW,59,835.1983333333334,98,20,24,302,0.07947019867549669,-78
201587,Nicolas Batum,LAC,63,1156.6566666666668,88,9,11,210,0.05238095238095238,-79
1630558,Davion Mitchell,MIA,57,1608.6283333333333,152,71,57,419,0.1360381861575179,-81
1630249,Vít Krejčí,POR,63,1373.8333333333333,136,55,51,420,0.12142857142857143,-81
1628971,Bruce Brown,DEN,68,1686.695,162,80,103,425,0.24235294117647058,-82
1630183,Jaden McDaniels,MIN,66,2089.076666666667,225,140,161,701,0.2296718972895863,-85
1630529,Herbert Jones,NOP,45,1302.96,142,56,55,390,0.14102564102564102,-86
1631260,AJ Green,MIL,62,1803.34,146,59,42,472,0.08898305084745763,-87
1642346,Ryan Dunn,PHX,59,1144.7916666666667,121,30,40,308,0.12987012987012986,-91
1642345,Oso Ighodaro,PHX,67,1410.8833333333334,175,84,90,278,0.3237410071942446,-91
1642846,Ace Bailey,UTA,59,1576.91,155,63,62,660,0.09393939393939393,-92
1627739,Kris Dunn,LAC,67,1847.4916666666666,157,65,73,406,0.17980295566502463,-92
1626220,Royce O'Neale,PHX,67,1959.0666666666666,153,46,30,559,0.05366726296958855,-107
1642461,Spencer Jones,DEN,56,1274.8583333333333,154,45,47,242,0.19421487603305784,-109
